[
  {
    "model": "contenttypes.contenttype",
    "pk": 1,
    "fields": {
      "app_label": "auth",
      "model": "permission"
    }
  },
  {
    "model": "contenttypes.contenttype",
    "pk": 2,
    "fields": {
      "app_label": "auth",
      "model": "group"
    }
  },
  {
    "model": "contenttypes.contenttype",
    "pk": 3,
    "fields": {
      "app_label": "contenttypes",
      "model": "contenttype"
    }
  },
  {
    "model": "contenttypes.contenttype",
    "pk": 4,
    "fields": {
      "app_label": "sessions",
      "model": "session"
    }
  },
  {
    "model": "contenttypes.contenttype",
    "pk": 5,
    "fields": {
      "app_label": "rbac",
      "model": "userprofile"
    }
  },
  {
    "model": "contenttypes.contenttype",
    "pk": 6,
    "fields": {
      "app_label": "rbac",
      "model": "authcode"
    }
  },
  {
    "model": "contenttypes.contenttype",
    "pk": 7,
    "fields": {
      "app_label": "rbac",
      "model": "company"
    }
  },
  {
    "model": "contenttypes.contenttype",
    "pk": 8,
    "fields": {
      "app_label": "rbac",
      "model": "menu"
    }
  },
  {
    "model": "contenttypes.contenttype",
    "pk": 9,
    "fields": {
      "app_label": "rbac",
      "model": "organization"
    }
  },
  {
    "model": "contenttypes.contenttype",
    "pk": 10,
    "fields": {
      "app_label": "rbac",
      "model": "permission"
    }
  },
  {
    "model": "contenttypes.contenttype",
    "pk": 11,
    "fields": {
      "app_label": "rbac",
      "model": "role"
    }
  },
  {
    "model": "contenttypes.contenttype",
    "pk": 12,
    "fields": {
      "app_label": "cmdb",
      "model": "business"
    }
  },
  {
    "model": "contenttypes.contenttype",
    "pk": 13,
    "fields": {
      "app_label": "cmdb",
      "model": "connectioninfo"
    }
  },
  {
    "model": "contenttypes.contenttype",
    "pk": 14,
    "fields": {
      "app_label": "cmdb",
      "model": "devicefile"
    }
  },
  {
    "model": "contenttypes.contenttype",
    "pk": 15,
    "fields": {
      "app_label": "cmdb",
      "model": "devicegroup"
    }
  },
  {
    "model": "contenttypes.contenttype",
    "pk": 16,
    "fields": {
      "app_label": "cmdb",
      "model": "deviceinfo"
    }
  },
  {
    "model": "contenttypes.contenttype",
    "pk": 17,
    "fields": {
      "app_label": "cmdb",
      "model": "devicescaninfo"
    }
  },
  {
    "model": "contenttypes.contenttype",
    "pk": 18,
    "fields": {
      "app_label": "cmdb",
      "model": "dict"
    }
  },
  {
    "model": "contenttypes.contenttype",
    "pk": 19,
    "fields": {
      "app_label": "cmdb",
      "model": "historicaldeviceinfo"
    }
  },
  {
    "model": "contenttypes.contenttype",
    "pk": 20,
    "fields": {
      "app_label": "cmdb",
      "model": "label"
    }
  },
  {
    "model": "contenttypes.contenttype",
    "pk": 21,
    "fields": {
      "app_label": "deployment",
      "model": "deployrecord"
    }
  },
  {
    "model": "contenttypes.contenttype",
    "pk": 22,
    "fields": {
      "app_label": "deployment",
      "model": "project"
    }
  },
  {
    "model": "contenttypes.contenttype",
    "pk": 23,
    "fields": {
      "app_label": "business",
      "model": "feedbacklog"
    }
  },
  {
    "model": "contenttypes.contenttype",
    "pk": 24,
    "fields": {
      "app_label": "business",
      "model": "feedbacks"
    }
  },
  {
    "model": "contenttypes.contenttype",
    "pk": 25,
    "fields": {
      "app_label": "business",
      "model": "feedbacktexts"
    }
  },
  {
    "model": "contenttypes.contenttype",
    "pk": 26,
    "fields": {
      "app_label": "business",
      "model": "files"
    }
  },
  {
    "model": "contenttypes.contenttype",
    "pk": 27,
    "fields": {
      "app_label": "business",
      "model": "message"
    }
  },
  {
    "model": "contenttypes.contenttype",
    "pk": 28,
    "fields": {
      "app_label": "business",
      "model": "progresstexts"
    }
  },
  {
    "model": "contenttypes.contenttype",
    "pk": 29,
    "fields": {
      "app_label": "business",
      "model": "project"
    }
  },
  {
    "model": "contenttypes.contenttype",
    "pk": 30,
    "fields": {
      "app_label": "business",
      "model": "projectcost"
    }
  },
  {
    "model": "contenttypes.contenttype",
    "pk": 31,
    "fields": {
      "app_label": "business",
      "model": "projectfee"
    }
  },
  {
    "model": "contenttypes.contenttype",
    "pk": 32,
    "fields": {
      "app_label": "business",
      "model": "projectrejectreason"
    }
  },
  {
    "model": "contenttypes.contenttype",
    "pk": 33,
    "fields": {
      "app_label": "business",
      "model": "step"
    }
  },
  {
    "model": "contenttypes.contenttype",
    "pk": 34,
    "fields": {
      "app_label": "business",
      "model": "steplog"
    }
  },
  {
    "model": "contenttypes.contenttype",
    "pk": 35,
    "fields": {
      "app_label": "business",
      "model": "steprejectreason"
    }
  },
  {
    "model": "contenttypes.contenttype",
    "pk": 36,
    "fields": {
      "app_label": "business",
      "model": "task"
    }
  },
  {
    "model": "contenttypes.contenttype",
    "pk": 37,
    "fields": {
      "app_label": "business",
      "model": "taskallocatereason"
    }
  },
  {
    "model": "contenttypes.contenttype",
    "pk": 38,
    "fields": {
      "app_label": "points",
      "model": "points"
    }
  },
  {
    "model": "contenttypes.contenttype",
    "pk": 39,
    "fields": {
      "app_label": "points",
      "model": "pointsdetail"
    }
  },
  {
    "model": "contenttypes.contenttype",
    "pk": 40,
    "fields": {
      "app_label": "points",
      "model": "projectpoints"
    }
  },
  {
    "model": "contenttypes.contenttype",
    "pk": 41,
    "fields": {
      "app_label": "configuration",
      "model": "salary"
    }
  },
  {
    "model": "contenttypes.contenttype",
    "pk": 42,
    "fields": {
      "app_label": "configuration",
      "model": "skill"
    }
  },
  {
    "model": "contenttypes.contenttype",
    "pk": 43,
    "fields": {
      "app_label": "configuration",
      "model": "taskassessment"
    }
  },
  {
    "model": "contenttypes.contenttype",
    "pk": 44,
    "fields": {
      "app_label": "configuration",
      "model": "taskdesigntype"
    }
  },
  {
    "model": "contenttypes.contenttype",
    "pk": 45,
    "fields": {
      "app_label": "configuration",
      "model": "taskpriority"
    }
  },
  {
    "model": "contenttypes.contenttype",
    "pk": 46,
    "fields": {
      "app_label": "configuration",
      "model": "taskquality"
    }
  },
  {
    "model": "contenttypes.contenttype",
    "pk": 47,
    "fields": {
      "app_label": "configuration",
      "model": "taskstep"
    }
  },
  {
    "model": "contenttypes.contenttype",
    "pk": 48,
    "fields": {
      "app_label": "configuration",
      "model": "tasktype"
    }
  },
  {
    "model": "rbac.menu",
    "pk": 1,
    "fields": {
      "name": "\u7cfb\u7edf\u7ba1\u7406",
      "icon": "system",
      "path": "system",
      "is_frame": false,
      "is_show": true,
      "sort": 0,
      "component": null,
      "pid": null
    }
  },
  {
    "model": "rbac.menu",
    "pk": 2,
    "fields": {
      "name": "\u7528\u6237\u7ba1\u7406",
      "icon": "user",
      "path": "users",
      "is_frame": false,
      "is_show": true,
      "sort": 11,
      "component": "system/user/index",
      "pid": null
    }
  },
  {
    "model": "rbac.menu",
    "pk": 3,
    "fields": {
      "name": "\u83dc\u5355\u7ba1\u7406",
      "icon": "caidan",
      "path": "menus",
      "is_frame": false,
      "is_show": true,
      "sort": 12,
      "component": "system/menu/index",
      "pid": null
    }
  },
  {
    "model": "rbac.menu",
    "pk": 4,
    "fields": {
      "name": "\u89d2\u8272\u7ba1\u7406",
      "icon": "role",
      "path": "roles",
      "is_frame": false,
      "is_show": true,
      "sort": 14,
      "component": "system/role/index",
      "pid": null
    }
  },
  {
    "model": "rbac.menu",
    "pk": 5,
    "fields": {
      "name": "\u6743\u9650\u7ba1\u7406",
      "icon": "permission",
      "path": "permissions",
      "is_frame": false,
      "is_show": true,
      "sort": 13,
      "component": "system/permission/index",
      "pid": null
    }
  },
  {
    "model": "rbac.menu",
    "pk": 6,
    "fields": {
      "name": "\u7ec4\u7ec7\u67b6\u6784",
      "icon": "zuzhi",
      "path": "organizations",
      "is_frame": false,
      "is_show": true,
      "sort": 15,
      "component": "system/organization/index",
      "pid": null
    }
  },
  {
    "model": "rbac.menu",
    "pk": 7,
    "fields": {
      "name": "\u914d\u7f6e\u4e2d\u5fc3",
      "icon": "peizhi",
      "path": "cmdb",
      "is_frame": false,
      "is_show": true,
      "sort": 1,
      "component": "",
      "pid": null
    }
  },
  {
    "model": "rbac.menu",
    "pk": 8,
    "fields": {
      "name": "\u6570\u636e\u5b57\u5178",
      "icon": "zidian",
      "path": "dicts",
      "is_frame": false,
      "is_show": true,
      "sort": 11,
      "component": "cmdb/dict/index",
      "pid": null
    }
  },
  {
    "model": "rbac.menu",
    "pk": 9,
    "fields": {
      "name": "\u8d44\u4ea7\u7ba1\u7406",
      "icon": "ziyuan",
      "path": "asset",
      "is_frame": false,
      "is_show": true,
      "sort": 13,
      "component": "cmdb/asset/index",
      "pid": null
    }
  },
  {
    "model": "rbac.menu",
    "pk": 10,
    "fields": {
      "name": "\u8bbe\u5907\u626b\u63cf",
      "icon": "saomiao",
      "path": "scan",
      "is_frame": false,
      "is_show": true,
      "sort": 111,
      "component": "cmdb/asset/scan/index",
      "pid": null
    }
  },
  {
    "model": "rbac.menu",
    "pk": 11,
    "fields": {
      "name": "\u8bbe\u5907\u7ba1\u7406",
      "icon": "zujian",
      "path": "devices",
      "is_frame": false,
      "is_show": true,
      "sort": 112,
      "component": "cmdb/asset/device/index",
      "pid": null
    }
  },
  {
    "model": "rbac.menu",
    "pk": 12,
    "fields": {
      "name": "\u3010\u9875\u9762\u3011\u626b\u63cf\u8be6\u60c5",
      "icon": "add",
      "path": "scan/detail",
      "is_frame": false,
      "is_show": false,
      "sort": 999,
      "component": "cmdb/asset/scan/detail/index",
      "pid": null
    }
  },
  {
    "model": "rbac.menu",
    "pk": 13,
    "fields": {
      "name": "\u5bc6\u7801\u7ba1\u7406",
      "icon": "lock",
      "path": "connections",
      "is_frame": false,
      "is_show": true,
      "sort": 12,
      "component": "cmdb/passwd/index",
      "pid": null
    }
  },
  {
    "model": "rbac.menu",
    "pk": 15,
    "fields": {
      "name": "\u3010\u9875\u9762\u3011\u8bbe\u5907\u8be6\u60c5",
      "icon": "",
      "path": "devices/detail",
      "is_frame": false,
      "is_show": false,
      "sort": 999,
      "component": "cmdb/asset/device/detail/index",
      "pid": null
    }
  },
  {
    "model": "rbac.menu",
    "pk": 16,
    "fields": {
      "name": "\u4e1a\u52a1\u7ba1\u7406",
      "icon": "business",
      "path": "businesses",
      "is_frame": false,
      "is_show": true,
      "sort": 14,
      "component": "cmdb/business/index",
      "pid": null
    }
  },
  {
    "model": "rbac.menu",
    "pk": 17,
    "fields": {
      "name": "\u6301\u7eed\u6784\u5efa",
      "icon": "fabu",
      "path": "deploy",
      "is_frame": false,
      "is_show": true,
      "sort": 3,
      "component": "deployment/index",
      "pid": null
    }
  },
  {
    "model": "rbac.menu",
    "pk": 18,
    "fields": {
      "name": "\u9879\u76ee\u914d\u7f6e",
      "icon": "xiangmu",
      "path": "projects",
      "is_frame": false,
      "is_show": true,
      "sort": 11,
      "component": "deployment/project/index",
      "pid": null
    }
  },
  {
    "model": "rbac.menu",
    "pk": 19,
    "fields": {
      "name": "\u3010\u9875\u9762\u3011\u65b0\u5efa\u9879\u76ee",
      "icon": "",
      "path": "projects/create",
      "is_frame": false,
      "is_show": false,
      "sort": 999,
      "component": "deployment/project/form.vue",
      "pid": null
    }
  },
  {
    "model": "rbac.menu",
    "pk": 20,
    "fields": {
      "name": "\u3010\u9875\u9762\u3011\u9879\u76ee\u8be6\u60c5",
      "icon": "",
      "path": "projects/detail",
      "is_frame": false,
      "is_show": false,
      "sort": 999,
      "component": "deployment/project/form.vue",
      "pid": null
    }
  },
  {
    "model": "rbac.menu",
    "pk": 21,
    "fields": {
      "name": "\u90e8\u7f72\u7ba1\u7406",
      "icon": "icon_fabu",
      "path": "tasks",
      "is_frame": false,
      "is_show": true,
      "sort": 12,
      "component": "deployment/task/index",
      "pid": null
    }
  },
  {
    "model": "rbac.menu",
    "pk": 22,
    "fields": {
      "name": "\u3010\u9875\u9762\u3011\u90e8\u7f72\u53d1\u5e03",
      "icon": "",
      "path": "tasks/publish",
      "is_frame": false,
      "is_show": false,
      "sort": 999,
      "component": "deployment/task/publish",
      "pid": null
    }
  },
  {
    "model": "rbac.menu",
    "pk": 23,
    "fields": {
      "name": "\u3010\u9875\u9762\u3011\u63a7\u5236\u53f0",
      "icon": "",
      "path": "tasks/console",
      "is_frame": false,
      "is_show": false,
      "sort": 999,
      "component": "deployment/task/console",
      "pid": null
    }
  },
  {
    "model": "rbac.menu",
    "pk": 24,
    "fields": {
      "name": "\u3010\u9875\u9762\u3011\u5de5\u5177\u7bb1",
      "icon": "",
      "path": "tasks/tools",
      "is_frame": false,
      "is_show": false,
      "sort": 999,
      "component": "deployment/task/tools_tabs",
      "pid": null
    }
  },
  {
    "model": "rbac.menu",
    "pk": 25,
    "fields": {
      "name": "\u8bbe\u5907\u5206\u7ec4",
      "icon": "peoples",
      "path": "groups",
      "is_frame": false,
      "is_show": true,
      "sort": 15,
      "component": "cmdb/group/index",
      "pid": null
    }
  },
  {
    "model": "rbac.menu",
    "pk": 26,
    "fields": {
      "name": "\u6807\u7b7e\u7ba1\u7406",
      "icon": "chain",
      "path": "labels",
      "is_frame": false,
      "is_show": true,
      "sort": 16,
      "component": "cmdb/label/index",
      "pid": null
    }
  },
  {
    "model": "rbac.menu",
    "pk": 29,
    "fields": {
      "name": "\u4e1a\u52a1\u5904\u7406",
      "icon": "business",
      "path": "art_business",
      "is_frame": false,
      "is_show": true,
      "sort": 0,
      "component": "cmdb/label/index",
      "pid": null
    }
  },
  {
    "model": "rbac.menu",
    "pk": 31,
    "fields": {
      "name": "\u9879\u76ee\u7ba1\u7406",
      "icon": "bianji",
      "path": "art_projects",
      "is_frame": false,
      "is_show": true,
      "sort": 999,
      "component": "art_business/project_manage/index",
      "pid": null
    }
  },
  {
    "model": "rbac.menu",
    "pk": 37,
    "fields": {
      "name": "\u62a5\u8868\u4e2d\u5fc3",
      "icon": "fabu",
      "path": "report",
      "is_frame": false,
      "is_show": true,
      "sort": 999,
      "component": "cmdb/label/index",
      "pid": null
    }
  },
  {
    "model": "rbac.menu",
    "pk": 38,
    "fields": {
      "name": "\u9879\u76ee\u62a5\u8868",
      "icon": "error",
      "path": "report",
      "is_frame": false,
      "is_show": true,
      "sort": 999,
      "component": "cmdb/label/index",
      "pid": null
    }
  },
  {
    "model": "rbac.menu",
    "pk": 39,
    "fields": {
      "name": "\u4efb\u52a1\u54c1\u8d28\u8981\u6c42",
      "icon": "fenxiangfangshi",
      "path": "art_task_quality",
      "is_frame": false,
      "is_show": true,
      "sort": 99,
      "component": "cmdb/art_task_quality/index",
      "pid": null
    }
  },
  {
    "model": "rbac.menu",
    "pk": 40,
    "fields": {
      "name": "\u4efb\u52a1\u4f18\u5148\u7ea7",
      "icon": "changjingguanli",
      "path": "cmdb/art_task_priority",
      "is_frame": false,
      "is_show": true,
      "sort": 999,
      "component": "cmdb/art_task_priority/index",
      "pid": null
    }
  },
  {
    "model": "rbac.menu",
    "pk": 41,
    "fields": {
      "name": "\u4efb\u52a1\u5ba1\u6838\u7b49\u7ea7",
      "icon": "fabu",
      "path": "cmdb/art_task_assessment",
      "is_frame": false,
      "is_show": true,
      "sort": 999,
      "component": "cmdb/art_task_assessment/index",
      "pid": null
    }
  },
  {
    "model": "rbac.menu",
    "pk": 42,
    "fields": {
      "name": "\u4efb\u52a1\u7c7b\u578b",
      "icon": "dev",
      "path": "cmdb/art_task_type",
      "is_frame": false,
      "is_show": true,
      "sort": 999,
      "component": "cmdb/art_task_type/index",
      "pid": null
    }
  },
  {
    "model": "rbac.menu",
    "pk": 43,
    "fields": {
      "name": "\u8bbe\u8ba1\u65b9\u5f0f",
      "icon": "fabu",
      "path": "cmdb/art_task_design_type",
      "is_frame": false,
      "is_show": true,
      "sort": 999,
      "component": "cmdb/art_task_design_type/index",
      "pid": null
    }
  },
  {
    "model": "rbac.menu",
    "pk": 44,
    "fields": {
      "name": "\u8bbe\u8ba1\u6b65\u9aa4",
      "icon": "index",
      "path": "art_task_design_step",
      "is_frame": false,
      "is_show": true,
      "sort": 999,
      "component": "cmdb/art_task_design_step/index",
      "pid": null
    }
  },
  {
    "model": "rbac.menu",
    "pk": 46,
    "fields": {
      "name": "\u4efb\u52a1\u7ba1\u7406",
      "icon": "zujian",
      "path": "art_tasks",
      "is_frame": false,
      "is_show": true,
      "sort": 999,
      "component": "art_business/task_manage/index",
      "pid": null
    }
  },
  {
    "model": "rbac.menu",
    "pk": 48,
    "fields": {
      "name": "\u9879\u76ee\u8be6\u60c5",
      "icon": "fabu",
      "path": "art_project/detail",
      "is_frame": false,
      "is_show": false,
      "sort": 999,
      "component": "art_business/task_manage/index",
      "pid": null
    }
  },
  {
    "model": "rbac.menu",
    "pk": 49,
    "fields": {
      "name": "\u6b65\u9aa4\u7ba1\u7406",
      "icon": "ziyuan",
      "path": "art_steps",
      "is_frame": false,
      "is_show": true,
      "sort": 999,
      "component": "art_business/step_manage/index",
      "pid": null
    }
  },
  {
    "model": "rbac.menu",
    "pk": 50,
    "fields": {
      "name": "\u4efb\u52a1\u8be6\u60c5",
      "icon": "fwb",
      "path": "art_task/detail",
      "is_frame": false,
      "is_show": false,
      "sort": 999,
      "component": "art_business/step_manage/index",
      "pid": null
    }
  },
  {
    "model": "rbac.menu",
    "pk": 51,
    "fields": {
      "name": "\u6210\u672c\u5206\u6790",
      "icon": "dev",
      "path": "cost_analysis",
      "is_frame": false,
      "is_show": true,
      "sort": 999,
      "component": "art_business/components/cost_analysis/index",
      "pid": null
    }
  },
  {
    "model": "rbac.permission",
    "pk": 1,
    "fields": {
      "name": "\u7cfb\u7edf\u7ba1\u7406\u5458",
      "method": "admin",
      "pid": null
    }
  },
  {
    "model": "rbac.permission",
    "pk": 2,
    "fields": {
      "name": "\u7528\u6237\u7ba1\u7406",
      "method": "user_all",
      "pid": null
    }
  },
  {
    "model": "rbac.permission",
    "pk": 3,
    "fields": {
      "name": "\u7528\u6237\u5217\u8868",
      "method": "user_list",
      "pid": 2
    }
  },
  {
    "model": "rbac.permission",
    "pk": 4,
    "fields": {
      "name": "\u7528\u6237\u521b\u5efa",
      "method": "user_create",
      "pid": 2
    }
  },
  {
    "model": "rbac.permission",
    "pk": 5,
    "fields": {
      "name": "\u7528\u6237\u7f16\u8f91",
      "method": "user_edit",
      "pid": 2
    }
  },
  {
    "model": "rbac.permission",
    "pk": 6,
    "fields": {
      "name": "\u7528\u6237\u5220\u9664",
      "method": "user_delete",
      "pid": 2
    }
  },
  {
    "model": "rbac.permission",
    "pk": 7,
    "fields": {
      "name": "\u83dc\u5355\u7ba1\u7406",
      "method": "menu_all",
      "pid": null
    }
  },
  {
    "model": "rbac.permission",
    "pk": 8,
    "fields": {
      "name": "\u83dc\u5355\u5217\u8868",
      "method": "menu_list",
      "pid": 7
    }
  },
  {
    "model": "rbac.permission",
    "pk": 9,
    "fields": {
      "name": "\u83dc\u5355\u521b\u5efa",
      "method": "menu_create",
      "pid": 7
    }
  },
  {
    "model": "rbac.permission",
    "pk": 10,
    "fields": {
      "name": "\u83dc\u5355\u7f16\u8f91",
      "method": "menu_edit",
      "pid": 7
    }
  },
  {
    "model": "rbac.permission",
    "pk": 11,
    "fields": {
      "name": "\u83dc\u5355\u5220\u9664",
      "method": "menu_delete",
      "pid": 7
    }
  },
  {
    "model": "rbac.permission",
    "pk": 12,
    "fields": {
      "name": "\u89d2\u8272\u7ba1\u7406",
      "method": "role_all",
      "pid": null
    }
  },
  {
    "model": "rbac.permission",
    "pk": 13,
    "fields": {
      "name": "\u89d2\u8272\u5217\u8868",
      "method": "role_list",
      "pid": 12
    }
  },
  {
    "model": "rbac.permission",
    "pk": 14,
    "fields": {
      "name": "\u89d2\u8272\u521b\u5efa",
      "method": "role_create",
      "pid": 12
    }
  },
  {
    "model": "rbac.permission",
    "pk": 15,
    "fields": {
      "name": "\u89d2\u8272\u7f16\u8f91",
      "method": "role_edit",
      "pid": 12
    }
  },
  {
    "model": "rbac.permission",
    "pk": 16,
    "fields": {
      "name": "\u89d2\u8272\u5220\u9664",
      "method": "role_delete",
      "pid": 12
    }
  },
  {
    "model": "rbac.permission",
    "pk": 17,
    "fields": {
      "name": "\u6743\u9650\u7ba1\u7406",
      "method": "permission_all",
      "pid": null
    }
  },
  {
    "model": "rbac.permission",
    "pk": 18,
    "fields": {
      "name": "\u6743\u9650\u5217\u8868",
      "method": "permission_list",
      "pid": 17
    }
  },
  {
    "model": "rbac.permission",
    "pk": 19,
    "fields": {
      "name": "\u6743\u9650\u521b\u5efa",
      "method": "permission_create",
      "pid": 17
    }
  },
  {
    "model": "rbac.permission",
    "pk": 20,
    "fields": {
      "name": "\u6743\u9650\u7f16\u8f91",
      "method": "permission_edit",
      "pid": 17
    }
  },
  {
    "model": "rbac.permission",
    "pk": 21,
    "fields": {
      "name": "\u6743\u9650\u5220\u9664",
      "method": "permission_delete",
      "pid": 17
    }
  },
  {
    "model": "rbac.permission",
    "pk": 22,
    "fields": {
      "name": "\u7ec4\u7ec7\u7ba1\u7406",
      "method": "organization_all",
      "pid": null
    }
  },
  {
    "model": "rbac.permission",
    "pk": 23,
    "fields": {
      "name": "\u7ec4\u7ec7\u5217\u8868",
      "method": "organization_list",
      "pid": 22
    }
  },
  {
    "model": "rbac.permission",
    "pk": 24,
    "fields": {
      "name": "\u7ec4\u7ec7\u521b\u5efa",
      "method": "organization_create",
      "pid": 22
    }
  },
  {
    "model": "rbac.permission",
    "pk": 25,
    "fields": {
      "name": "\u7ec4\u7ec7\u7f16\u8f91",
      "method": "organization_edit",
      "pid": 22
    }
  },
  {
    "model": "rbac.permission",
    "pk": 26,
    "fields": {
      "name": "\u7ec4\u7ec7\u5220\u9664",
      "method": "organization_delete",
      "pid": 22
    }
  },
  {
    "model": "rbac.permission",
    "pk": 27,
    "fields": {
      "name": "\u5b57\u5178\u7ba1\u7406",
      "method": "dict_all",
      "pid": null
    }
  },
  {
    "model": "rbac.permission",
    "pk": 28,
    "fields": {
      "name": "\u5b57\u5178\u5217\u8868",
      "method": "dict_list",
      "pid": 27
    }
  },
  {
    "model": "rbac.permission",
    "pk": 29,
    "fields": {
      "name": "\u5b57\u5178\u521b\u5efa",
      "method": "dict_create",
      "pid": 27
    }
  },
  {
    "model": "rbac.permission",
    "pk": 30,
    "fields": {
      "name": "\u5b57\u5178\u4fee\u6539",
      "method": "dict_edit",
      "pid": 27
    }
  },
  {
    "model": "rbac.permission",
    "pk": 31,
    "fields": {
      "name": "\u5b57\u5178\u5220\u9664",
      "method": "dict_delete",
      "pid": 27
    }
  },
  {
    "model": "rbac.permission",
    "pk": 32,
    "fields": {
      "name": "\u8bbe\u5907\u7ba1\u7406",
      "method": "device_all",
      "pid": null
    }
  },
  {
    "model": "rbac.permission",
    "pk": 33,
    "fields": {
      "name": "\u8bbe\u5907\u5217\u8868",
      "method": "device_list",
      "pid": 32
    }
  },
  {
    "model": "rbac.permission",
    "pk": 34,
    "fields": {
      "name": "\u8bbe\u5907\u521b\u5efa",
      "method": "device_create",
      "pid": 32
    }
  },
  {
    "model": "rbac.permission",
    "pk": 35,
    "fields": {
      "name": "\u8bbe\u5907\u7f16\u8f91",
      "method": "device_edit",
      "pid": 32
    }
  },
  {
    "model": "rbac.permission",
    "pk": 36,
    "fields": {
      "name": "\u8bbe\u5907\u5220\u9664",
      "method": "device_delete",
      "pid": 32
    }
  },
  {
    "model": "rbac.permission",
    "pk": 37,
    "fields": {
      "name": "\u8bbe\u5907\u626b\u63cf",
      "method": "scan_all",
      "pid": null
    }
  },
  {
    "model": "rbac.permission",
    "pk": 38,
    "fields": {
      "name": "\u5bc6\u7801\u7ba1\u7406",
      "method": "connection_all",
      "pid": null
    }
  },
  {
    "model": "rbac.permission",
    "pk": 39,
    "fields": {
      "name": "\u5bc6\u7801\u5217\u8868",
      "method": "connection_list",
      "pid": 38
    }
  },
  {
    "model": "rbac.permission",
    "pk": 40,
    "fields": {
      "name": "\u5bc6\u7801\u521b\u5efa",
      "method": "connection_create",
      "pid": 38
    }
  },
  {
    "model": "rbac.permission",
    "pk": 41,
    "fields": {
      "name": "\u5bc6\u7801\u7f16\u8f91",
      "method": "connection_edit",
      "pid": 38
    }
  },
  {
    "model": "rbac.permission",
    "pk": 42,
    "fields": {
      "name": "\u5bc6\u7801\u5220\u9664",
      "method": "connection_delete",
      "pid": 38
    }
  },
  {
    "model": "rbac.permission",
    "pk": 43,
    "fields": {
      "name": "\u4e1a\u52a1\u7ba1\u7406",
      "method": "business_all",
      "pid": null
    }
  },
  {
    "model": "rbac.permission",
    "pk": 44,
    "fields": {
      "name": "\u4e1a\u52a1\u5217\u8868",
      "method": "business_list",
      "pid": 43
    }
  },
  {
    "model": "rbac.permission",
    "pk": 45,
    "fields": {
      "name": "\u4e1a\u52a1\u65b0\u5efa",
      "method": "business_create",
      "pid": 43
    }
  },
  {
    "model": "rbac.permission",
    "pk": 46,
    "fields": {
      "name": "\u4e1a\u52a1\u7f16\u8f91",
      "method": "business_edit",
      "pid": 43
    }
  },
  {
    "model": "rbac.permission",
    "pk": 47,
    "fields": {
      "name": "\u4e1a\u52a1\u5220\u9664",
      "method": "business_delete",
      "pid": 43
    }
  },
  {
    "model": "rbac.permission",
    "pk": 48,
    "fields": {
      "name": "\u9879\u76ee\u7ba1\u7406",
      "method": "project_all",
      "pid": null
    }
  },
  {
    "model": "rbac.permission",
    "pk": 49,
    "fields": {
      "name": "\u9879\u76ee\u5217\u8868",
      "method": "project_list",
      "pid": 48
    }
  },
  {
    "model": "rbac.permission",
    "pk": 50,
    "fields": {
      "name": "\u9879\u76ee\u521b\u5efa",
      "method": "project_create",
      "pid": 48
    }
  },
  {
    "model": "rbac.permission",
    "pk": 51,
    "fields": {
      "name": "\u9879\u76ee\u7f16\u8f91",
      "method": "project_edit",
      "pid": 48
    }
  },
  {
    "model": "rbac.permission",
    "pk": 52,
    "fields": {
      "name": "\u9879\u76ee\u5220\u9664",
      "method": "project_delete",
      "pid": 48
    }
  },
  {
    "model": "rbac.permission",
    "pk": 53,
    "fields": {
      "name": "\u90e8\u7f72\u7ba1\u7406",
      "method": "deploy_all",
      "pid": null
    }
  },
  {
    "model": "rbac.permission",
    "pk": 54,
    "fields": {
      "name": "\u90e8\u7f72\u6267\u884c",
      "method": "deploy_excu",
      "pid": 53
    }
  },
  {
    "model": "rbac.permission",
    "pk": 55,
    "fields": {
      "name": "\u8bbe\u5907\u5206\u7ec4",
      "method": "group_all",
      "pid": null
    }
  },
  {
    "model": "rbac.permission",
    "pk": 56,
    "fields": {
      "name": "\u5206\u7ec4\u5217\u8868",
      "method": "group_list",
      "pid": 55
    }
  },
  {
    "model": "rbac.permission",
    "pk": 57,
    "fields": {
      "name": "\u5206\u7ec4\u521b\u5efa",
      "method": "group_create",
      "pid": 55
    }
  },
  {
    "model": "rbac.permission",
    "pk": 58,
    "fields": {
      "name": "\u5206\u7ec4\u7f16\u8f91",
      "method": "group_edit",
      "pid": 55
    }
  },
  {
    "model": "rbac.permission",
    "pk": 59,
    "fields": {
      "name": "\u5206\u7ec4\u5220\u9664",
      "method": "group_delete",
      "pid": 55
    }
  },
  {
    "model": "rbac.permission",
    "pk": 60,
    "fields": {
      "name": "\u6807\u7b7e\u7ba1\u7406",
      "method": "lebel_all",
      "pid": null
    }
  },
  {
    "model": "rbac.permission",
    "pk": 61,
    "fields": {
      "name": "\u6807\u7b7e\u5217\u8868",
      "method": "lebel_list",
      "pid": 60
    }
  },
  {
    "model": "rbac.permission",
    "pk": 62,
    "fields": {
      "name": "\u6807\u7b7e\u521b\u5efa",
      "method": "lebel_create",
      "pid": 60
    }
  },
  {
    "model": "rbac.permission",
    "pk": 63,
    "fields": {
      "name": "\u6807\u7b7e\u7f16\u8f91",
      "method": "lebel_edit",
      "pid": 60
    }
  },
  {
    "model": "rbac.permission",
    "pk": 64,
    "fields": {
      "name": "\u6807\u7b7e\u5220\u9664",
      "method": "lebel_delete",
      "pid": 60
    }
  },
  {
    "model": "rbac.permission",
    "pk": 65,
    "fields": {
      "name": "\u9879\u76ee\u5bfc\u5165",
      "method": "project_import",
      "pid": 48
    }
  },
  {
    "model": "rbac.permission",
    "pk": 66,
    "fields": {
      "name": "\u9879\u76ee\u5bfc\u51fa",
      "method": "project_export",
      "pid": 48
    }
  },
  {
    "model": "rbac.permission",
    "pk": 67,
    "fields": {
      "name": "\u9879\u76ee\u5ba1\u6838\u63d0\u4ea4",
      "method": "project_audit_submit",
      "pid": 48
    }
  },
  {
    "model": "rbac.permission",
    "pk": 68,
    "fields": {
      "name": "\u9879\u76ee\u5ba1\u6838\u901a\u8fc7",
      "method": "project_audit_pass",
      "pid": 48
    }
  },
  {
    "model": "rbac.permission",
    "pk": 69,
    "fields": {
      "name": "\u9879\u76ee\u5ba1\u6838\u9a73\u56de",
      "method": "project_audit_reject",
      "pid": 48
    }
  },
  {
    "model": "rbac.permission",
    "pk": 70,
    "fields": {
      "name": "\u4efb\u52a1\u7ba1\u7406",
      "method": "task_all",
      "pid": null
    }
  },
  {
    "model": "rbac.permission",
    "pk": 71,
    "fields": {
      "name": "\u4efb\u52a1\u5217\u8868",
      "method": "task_list",
      "pid": 70
    }
  },
  {
    "model": "rbac.permission",
    "pk": 72,
    "fields": {
      "name": "\u4efb\u52a1\u521b\u5efa",
      "method": "task_create",
      "pid": 70
    }
  },
  {
    "model": "rbac.permission",
    "pk": 73,
    "fields": {
      "name": "\u4efb\u52a1\u7f16\u8f91",
      "method": "task_edit",
      "pid": 70
    }
  },
  {
    "model": "rbac.permission",
    "pk": 74,
    "fields": {
      "name": "\u4efb\u52a1\u5220\u9664",
      "method": "task_delete",
      "pid": 70
    }
  },
  {
    "model": "rbac.permission",
    "pk": 75,
    "fields": {
      "name": "\u4efb\u52a1\u5bfc\u5165",
      "method": "task_import",
      "pid": 70
    }
  },
  {
    "model": "rbac.permission",
    "pk": 76,
    "fields": {
      "name": "\u4efb\u52a1\u5bfc\u51fa",
      "method": "task_export",
      "pid": 70
    }
  },
  {
    "model": "rbac.permission",
    "pk": 77,
    "fields": {
      "name": "\u9879\u76ee\u63a5\u624b",
      "method": "project_accept",
      "pid": 48
    }
  },
  {
    "model": "rbac.permission",
    "pk": 78,
    "fields": {
      "name": "\u4efb\u52a1\u63a5\u624b",
      "method": "task_accept",
      "pid": 70
    }
  },
  {
    "model": "rbac.permission",
    "pk": 79,
    "fields": {
      "name": "\u4efb\u52a1\u8f6c\u6d3e",
      "method": "task_transfer",
      "pid": 70
    }
  },
  {
    "model": "rbac.permission",
    "pk": 80,
    "fields": {
      "name": "\u6b65\u9aa4\u7ba1\u7406",
      "method": "step_all",
      "pid": null
    }
  },
  {
    "model": "rbac.permission",
    "pk": 81,
    "fields": {
      "name": "\u6b65\u9aa4\u5217\u8868",
      "method": "step_list",
      "pid": 80
    }
  },
  {
    "model": "rbac.permission",
    "pk": 82,
    "fields": {
      "name": "\u6b65\u9aa4\u521b\u5efa",
      "method": "step_create",
      "pid": 80
    }
  },
  {
    "model": "rbac.permission",
    "pk": 83,
    "fields": {
      "name": "\u6b65\u9aa4\u7f16\u8f91",
      "method": "step_edit",
      "pid": 80
    }
  },
  {
    "model": "rbac.permission",
    "pk": 84,
    "fields": {
      "name": "\u6b65\u9aa4\u5220\u9664",
      "method": "step_delete",
      "pid": 80
    }
  },
  {
    "model": "rbac.permission",
    "pk": 85,
    "fields": {
      "name": "\u6b65\u9aa4\u5ba1\u6838\u63d0\u4ea4",
      "method": "step_audit_submit",
      "pid": 80
    }
  },
  {
    "model": "rbac.permission",
    "pk": 86,
    "fields": {
      "name": "\u6b65\u9aa4\u5ba1\u6838\u9a73\u56de",
      "method": "step_audit_reject",
      "pid": 80
    }
  },
  {
    "model": "rbac.permission",
    "pk": 87,
    "fields": {
      "name": "\u6b65\u9aa4\u5ba1\u6838\u901a\u8fc7",
      "method": "step_audit_pass",
      "pid": 80
    }
  },
  {
    "model": "rbac.permission",
    "pk": 88,
    "fields": {
      "name": "\u62a5\u8868\u4e2d\u5fc3",
      "method": "report_all",
      "pid": null
    }
  },
  {
    "model": "rbac.permission",
    "pk": 89,
    "fields": {
      "name": "\u9879\u76ee\u62a5\u8868",
      "method": "report_list",
      "pid": 88
    }
  },
  {
    "model": "rbac.permission",
    "pk": 90,
    "fields": {
      "name": "\u9879\u76ee\u79ef\u5206\u67e5\u770b",
      "method": "project_points_view",
      "pid": 48
    }
  },
  {
    "model": "rbac.permission",
    "pk": 91,
    "fields": {
      "name": "\u4efb\u52a1\u79ef\u5206\u67e5\u770b",
      "method": "task_points_view",
      "pid": 70
    }
  },
  {
    "model": "rbac.permission",
    "pk": 92,
    "fields": {
      "name": "\u4efb\u52a1\u79ef\u5206\u7f16\u8f91",
      "method": "task_points_edit",
      "pid": 70
    }
  },
  {
    "model": "rbac.permission",
    "pk": 93,
    "fields": {
      "name": "\u9879\u76ee\u79ef\u5206\u7f16\u8f91",
      "method": "project_points_edit",
      "pid": 48
    }
  },
  {
    "model": "rbac.permission",
    "pk": 94,
    "fields": {
      "name": "\u4efb\u52a1\u62d2\u63a5",
      "method": "task_reject",
      "pid": 70
    }
  },
  {
    "model": "rbac.permission",
    "pk": 95,
    "fields": {
      "name": "\u53cd\u9988\u63d0\u4ea4",
      "method": "step_feedback_submit",
      "pid": 80
    }
  },
  {
    "model": "rbac.role",
    "pk": 1,
    "fields": {
      "name": "\u7cfb\u7edf\u7ba1\u7406\u5458",
      "desc": "\u7cfb\u7edf\u9ed8\u8ba4\u7ba1\u7406\u5458",
      "permissions": [
        1
      ],
      "menus": []
    }
  },
  {
    "model": "rbac.role",
    "pk": 2,
    "fields": {
      "name": "\u5f00\u53d1\u5de5\u7a0b\u5e08",
      "desc": "",
      "permissions": [
        28,
        33,
        38,
        49,
        53
      ],
      "menus": []
    }
  },
  {
    "model": "rbac.role",
    "pk": 5,
    "fields": {
      "name": "\u9879\u76ee\u5ba1\u6838\u5458",
      "desc": "\u9879\u76ee\u5ba1\u6838\u5458",
      "permissions": [
        2,
        3,
        4,
        5,
        6,
        7,
        8,
        9,
        10,
        11,
        12,
        13,
        14,
        15,
        16,
        17,
        18,
        19,
        20,
        21,
        22,
        23,
        24,
        25,
        26,
        27,
        28,
        29,
        30,
        31,
        49,
        50,
        51,
        52,
        65,
        66,
        68,
        69,
        71,
        72,
        73,
        74,
        75,
        76,
        81,
        82,
        83,
        84,
        88,
        89,
        90,
        93
      ],
      "menus": []
    }
  },
  {
    "model": "rbac.role",
    "pk": 6,
    "fields": {
      "name": "\u4efb\u52a1\u8d1f\u8d23\u4eba",
      "desc": "\u4efb\u52a1\u8d1f\u8d23\u4eba",
      "permissions": [
        71,
        78,
        79,
        81,
        82,
        83,
        84,
        85,
        94
      ],
      "menus": []
    }
  },
  {
    "model": "rbac.role",
    "pk": 7,
    "fields": {
      "name": "\u9879\u76ee\u8d1f\u8d23\u4eba",
      "desc": "\u9879\u76ee\u8d1f\u8d23\u4eba",
      "permissions": [
        49,
        50,
        51,
        52,
        65,
        66,
        71,
        72,
        73,
        74,
        75,
        76,
        77,
        81,
        82,
        83,
        84,
        86,
        87,
        88,
        89,
        95
      ],
      "menus": []
    }
  },
  {
    "model": "rbac.role",
    "pk": 8,
    "fields": {
      "name": "\u5546\u52a1\u4eba\u5458",
      "desc": "\u5546\u52a1\u4eba\u5458",
      "permissions": [
        49,
        50,
        51,
        52,
        65,
        66,
        67,
        71,
        72,
        73,
        74,
        75,
        76,
        81,
        82,
        83,
        84,
        88,
        89
      ],
      "menus": []
    }
  },
  {
    "model": "rbac.organization",
    "pk": 1,
    "fields": {
      "name": "mikai",
      "type": "company",
      "pid": null
    }
  },
  {
    "model": "rbac.organization",
    "pk": 2,
    "fields": {
      "name": "\u8bbe\u8ba1\u90e8",
      "type": "department",
      "pid": 1
    }
  },
  {
    "model": "rbac.organization",
    "pk": 3,
    "fields": {
      "name": "\u7814\u53d1\u90e8",
      "type": "department",
      "pid": 1
    }
  },
  {
    "model": "rbac.organization",
    "pk": 4,
    "fields": {
      "name": "\u540e\u7aef\u5f00\u53d1",
      "type": "department",
      "pid": 3
    }
  },
  {
    "model": "rbac.company",
    "pk": 1,
    "fields": {
      "name": "\u7c73\u5f00",
      "account": "mykey",
      "mobile": "13600012370",
      "password": "123456",
      "avatar": "1"
    }
  },
  {
    "model": "cmdb.dict",
    "pk": 1,
    "fields": {
      "pid": null,
      "key": "DEVICE_TYPE",
      "value": "\u8bbe\u5907\u7c7b\u578b",
      "desc": ""
    }
  },
  {
    "model": "cmdb.dict",
    "pk": 2,
    "fields": {
      "pid": 1,
      "key": "VM",
      "value": "\u865a\u62df\u673a",
      "desc": ""
    }
  },
  {
    "model": "cmdb.dict",
    "pk": 3,
    "fields": {
      "pid": 1,
      "key": "PHY",
      "value": "\u7269\u7406\u673a",
      "desc": ""
    }
  },
  {
    "model": "cmdb.dict",
    "pk": 4,
    "fields": {
      "pid": null,
      "key": "SERVICE_TYPE",
      "value": "\u670d\u52a1\u7c7b\u578b",
      "desc": ""
    }
  },
  {
    "model": "cmdb.dict",
    "pk": 5,
    "fields": {
      "pid": 4,
      "key": "password",
      "value": "SSH\u670d\u52a1|PWD",
      "desc": ""
    }
  },
  {
    "model": "cmdb.dict",
    "pk": 6,
    "fields": {
      "pid": 4,
      "key": "private_key",
      "value": "SSH\u670d\u52a1|KEY",
      "desc": ""
    }
  },
  {
    "model": "cmdb.dict",
    "pk": 7,
    "fields": {
      "pid": 4,
      "key": "mysql",
      "value": "MYSQL\u670d\u52a1",
      "desc": ""
    }
  },
  {
    "model": "cmdb.dict",
    "pk": 8,
    "fields": {
      "pid": null,
      "key": "ENVIRONMENT_TYPE",
      "value": "\u5e94\u7528\u73af\u5883",
      "desc": ""
    }
  },
  {
    "model": "cmdb.dict",
    "pk": 9,
    "fields": {
      "pid": 8,
      "key": "all",
      "value": "\u6240\u6709\u73af\u5883",
      "desc": ""
    }
  },
  {
    "model": "cmdb.dict",
    "pk": 10,
    "fields": {
      "pid": 8,
      "key": "dev",
      "value": "\u5f00\u53d1\u73af\u5883",
      "desc": ""
    }
  },
  {
    "model": "cmdb.dict",
    "pk": 11,
    "fields": {
      "pid": 8,
      "key": "test",
      "value": "\u6d4b\u8bd5\u73af\u5883",
      "desc": ""
    }
  },
  {
    "model": "cmdb.dict",
    "pk": 12,
    "fields": {
      "pid": 8,
      "key": "prod",
      "value": "\u751f\u4ea7\u73af\u5883",
      "desc": ""
    }
  },
  {
    "model": "cmdb.dict",
    "pk": 13,
    "fields": {
      "pid": null,
      "key": "REPO_TYPE",
      "value": "\u4ee3\u7801\u7c7b\u578b",
      "desc": ""
    }
  },
  {
    "model": "cmdb.dict",
    "pk": 14,
    "fields": {
      "pid": 13,
      "key": "tag",
      "value": "tag",
      "desc": ""
    }
  },
  {
    "model": "cmdb.dict",
    "pk": 15,
    "fields": {
      "pid": 13,
      "key": "branch",
      "value": "branch",
      "desc": ""
    }
  },
  {
    "model": "cmdb.dict",
    "pk": 16,
    "fields": {
      "pid": 4,
      "key": "web",
      "value": "WEB\u5e94\u7528",
      "desc": ""
    }
  },
  {
    "model": "cmdb.dict",
    "pk": 17,
    "fields": {
      "pid": 4,
      "key": "other",
      "value": "\u5176\u4ed6\u670d\u52a1",
      "desc": ""
    }
  },
  {
    "model": "cmdb.dict",
    "pk": 18,
    "fields": {
      "pid": null,
      "key": "ART_PROJECT_STATUS",
      "value": "\u9879\u76ee\u72b6\u6001",
      "desc": null
    }
  },
  {
    "model": "cmdb.dict",
    "pk": 19,
    "fields": {
      "pid": 18,
      "key": "0",
      "value": "\u672a\u5b89\u6392\u9879\u76ee\u8d1f\u8d23\u4eba",
      "desc": null
    }
  },
  {
    "model": "cmdb.dict",
    "pk": 20,
    "fields": {
      "pid": 18,
      "key": "1",
      "value": "\u5df2\u5b89\u6392\u9879\u76ee\u8d1f\u8d23\u4eba",
      "desc": null
    }
  },
  {
    "model": "cmdb.dict",
    "pk": 21,
    "fields": {
      "pid": 18,
      "key": "2",
      "value": "\u7b49\u5f85\u9879\u76ee\u8d1f\u8d23\u4eba\u63a5\u624b\u9879\u76ee",
      "desc": null
    }
  },
  {
    "model": "cmdb.dict",
    "pk": 22,
    "fields": {
      "pid": 18,
      "key": "3",
      "value": "\u9879\u76ee\u8d1f\u8d23\u4eba\u5df2\u63a5\u624b\uff0c\u9879\u76ee\u6267\u884c\u4e2d",
      "desc": null
    }
  },
  {
    "model": "cmdb.dict",
    "pk": 23,
    "fields": {
      "pid": null,
      "key": "ART_AUDIT_STATUS",
      "value": "\u5ba1\u6838\u72b6\u6001",
      "desc": null
    }
  },
  {
    "model": "cmdb.dict",
    "pk": 24,
    "fields": {
      "pid": 23,
      "key": "0",
      "value": "\u672a\u5ba1\u6838",
      "desc": null
    }
  },
  {
    "model": "cmdb.dict",
    "pk": 25,
    "fields": {
      "pid": 23,
      "key": "1",
      "value": "\u5ba1\u6838\u4e2d",
      "desc": null
    }
  },
  {
    "model": "cmdb.dict",
    "pk": 26,
    "fields": {
      "pid": 23,
      "key": "2",
      "value": "\u5df2\u5ba1\u6838",
      "desc": null
    }
  },
  {
    "model": "cmdb.dict",
    "pk": 27,
    "fields": {
      "pid": null,
      "key": "ART_TASK_STATUS",
      "value": "\u4efb\u52a1\u72b6\u6001",
      "desc": null
    }
  },
  {
    "model": "cmdb.dict",
    "pk": 28,
    "fields": {
      "pid": 27,
      "key": "0",
      "value": "\u672a\u5b89\u6392\u4efb\u52a1\u8d1f\u8d23\u4eba",
      "desc": null
    }
  },
  {
    "model": "cmdb.dict",
    "pk": 29,
    "fields": {
      "pid": 27,
      "key": "1",
      "value": "\u5df2\u5b89\u6392\u4efb\u52a1\u8d1f\u8d23\u4eba",
      "desc": null
    }
  },
  {
    "model": "cmdb.dict",
    "pk": 30,
    "fields": {
      "pid": 27,
      "key": "2",
      "value": "\u7b49\u5f85\u4efb\u52a1\u8d1f\u8d23\u4eba\u63a5\u624b\u4efb\u52a1",
      "desc": null
    }
  },
  {
    "model": "cmdb.dict",
    "pk": 31,
    "fields": {
      "pid": 27,
      "key": "3",
      "value": "\u4efb\u52a1\u8d1f\u8d23\u4eba\u5df2\u63a5\u624b\uff0c\u4efb\u52a1\u6267\u884c\u4e2d",
      "desc": null
    }
  },
  {
    "model": "cmdb.dict",
    "pk": 32,
    "fields": {
      "pid": null,
      "key": "ART_MESSAGE_PROMPT_STATUS",
      "value": "\u6d88\u606f\u63d0\u793a\u72b6\u6001",
      "desc": null
    }
  },
  {
    "model": "cmdb.dict",
    "pk": 33,
    "fields": {
      "pid": 32,
      "key": "0",
      "value": "\u672a\u63d0\u793a",
      "desc": null
    }
  },
  {
    "model": "cmdb.dict",
    "pk": 34,
    "fields": {
      "pid": 32,
      "key": "1",
      "value": "\u5df2\u63d0\u793a",
      "desc": null
    }
  },
  {
    "model": "business.projectfee",
    "pk": 1,
    "fields": {
      "company": 1,
      "project": 2,
      "name": "\u6e05\u6d01\u8d39",
      "value": 100.0
    }
  },
  {
    "model": "business.projectfee",
    "pk": 2,
    "fields": {
      "company": 1,
      "project": 2,
      "name": "\u7eff\u5316\u8d39\u5206\u644a",
      "value": 200.0
    }
  },
  {
    "model": "business.projectfee",
    "pk": 3,
    "fields": {
      "company": 1,
      "project": 3,
      "name": "\u6c34\u7535\u5206\u644a",
      "value": 300.0
    }
  },
  {
    "model": "configuration.tasktype",
    "pk": 1,
    "fields": {
      "company": 1,
      "name": "\u89d2\u8272\u539f\u753b",
      "index": 1,
      "is_active": 1
    }
  },
  {
    "model": "configuration.tasktype",
    "pk": 2,
    "fields": {
      "company": 1,
      "name": "\u573a\u666f\u539f\u753b",
      "index": 2,
      "is_active": 1
    }
  },
  {
    "model": "configuration.tasktype",
    "pk": 3,
    "fields": {
      "company": 1,
      "name": "3D\u6a21\u578b",
      "index": 3,
      "is_active": 1
    }
  },
  {
    "model": "configuration.tasktype",
    "pk": 4,
    "fields": {
      "company": 1,
      "name": "\u52a8\u4f5c(2D3D)",
      "index": 4,
      "is_active": 1
    }
  },
  {
    "model": "configuration.tasktype",
    "pk": 5,
    "fields": {
      "company": 1,
      "name": "\u7279\u6548(2D3D)",
      "index": 5,
      "is_active": 1
    }
  },
  {
    "model": "configuration.tasktype",
    "pk": 6,
    "fields": {
      "company": 1,
      "name": "\u4fee\u56fe",
      "index": 6,
      "is_active": 1
    }
  },
  {
    "model": "configuration.tasktype",
    "pk": 7,
    "fields": {
      "company": 1,
      "name": "\u89c6\u9891\u526a\u8f91",
      "index": 7,
      "is_active": 1
    }
  },
  {
    "model": "configuration.tasktype",
    "pk": 8,
    "fields": {
      "company": 1,
      "name": "UI",
      "index": 8,
      "is_active": 1
    }
  },
  {
    "model": "configuration.tasktype",
    "pk": 9,
    "fields": {
      "company": 1,
      "name": "\u5e73\u9762\u8bbe\u8ba1",
      "index": 9,
      "is_active": 1
    }
  },
  {
    "model": "configuration.taskpriority",
    "pk": 1,
    "fields": {
      "company": 1,
      "name": "\u666e\u901a",
      "index": 1,
      "weight": 1.0,
      "is_active": 1
    }
  },
  {
    "model": "configuration.taskpriority",
    "pk": 2,
    "fields": {
      "company": 1,
      "name": "\u6025",
      "index": 2,
      "weight": 1.1,
      "is_active": 1
    }
  },
  {
    "model": "configuration.taskpriority",
    "pk": 3,
    "fields": {
      "company": 1,
      "name": "\u7d27\u6025",
      "index": 3,
      "weight": 1.2,
      "is_active": 1
    }
  },
  {
    "model": "configuration.taskpriority",
    "pk": 4,
    "fields": {
      "company": 1,
      "name": "\u7279\u6025",
      "index": 4,
      "weight": 1.3,
      "is_active": 1
    }
  },
  {
    "model": "configuration.taskquality",
    "pk": 3,
    "fields": {
      "company": 1,
      "name": "A+",
      "index": 1,
      "weight": 1.5,
      "is_active": 1
    }
  },
  {
    "model": "configuration.taskquality",
    "pk": 4,
    "fields": {
      "company": 1,
      "name": "A",
      "index": 2,
      "weight": 1.4,
      "is_active": 1
    }
  },
  {
    "model": "configuration.taskquality",
    "pk": 5,
    "fields": {
      "company": 1,
      "name": "B+",
      "index": 3,
      "weight": 1.3,
      "is_active": 1
    }
  },
  {
    "model": "configuration.taskquality",
    "pk": 6,
    "fields": {
      "company": 1,
      "name": "B",
      "index": 4,
      "weight": 1.2,
      "is_active": 1
    }
  },
  {
    "model": "configuration.taskquality",
    "pk": 7,
    "fields": {
      "company": 1,
      "name": "C+",
      "index": 5,
      "weight": 1.1,
      "is_active": 1
    }
  },
  {
    "model": "configuration.taskquality",
    "pk": 8,
    "fields": {
      "company": 1,
      "name": "C",
      "index": 6,
      "weight": 1.0,
      "is_active": 1
    }
  },
  {
    "model": "configuration.taskassessment",
    "pk": 1,
    "fields": {
      "name": "A",
      "index": 1,
      "company": 1,
      "weight": 1.3,
      "is_active": 1
    }
  },
  {
    "model": "configuration.taskassessment",
    "pk": 2,
    "fields": {
      "name": "B",
      "index": 1,
      "company": 1,
      "weight": 1.2,
      "is_active": 1
    }
  },
  {
    "model": "configuration.taskassessment",
    "pk": 3,
    "fields": {
      "name": "C",
      "index": 1,
      "company": 1,
      "weight": 1.1,
      "is_active": 1
    }
  },
  {
    "model": "configuration.taskassessment",
    "pk": 4,
    "fields": {
      "name": "D",
      "index": 1,
      "company": 1,
      "weight": 1.0,
      "is_active": 1
    }
  },
  {
    "model": "configuration.taskdesigntype",
    "pk": 1,
    "fields": {
      "company": 1,
      "task_type": 1,
      "name": "\u7ebf\u7a3f",
      "index": 1,
      "is_active": 1
    }
  },
  {
    "model": "configuration.taskdesigntype",
    "pk": 2,
    "fields": {
      "company": 1,
      "task_type": 1,
      "name": "\u9ed1\u767d\u7a3f",
      "index": 1,
      "is_active": 1
    }
  },
  {
    "model": "configuration.taskdesigntype",
    "pk": 3,
    "fields": {
      "company": 1,
      "task_type": 2,
      "name": "\u624b\u7ed8",
      "index": 1,
      "is_active": 1
    }
  },
  {
    "model": "configuration.taskdesigntype",
    "pk": 4,
    "fields": {
      "company": 1,
      "task_type": 2,
      "name": "\u4fee\u56fe",
      "index": 1,
      "is_active": 1
    }
  },
  {
    "model": "configuration.taskdesigntype",
    "pk": 5,
    "fields": {
      "company": 1,
      "task_type": 3,
      "name": "3D\u5f15\u64ce",
      "index": 1,
      "is_active": 1
    }
  },
  {
    "model": "configuration.taskdesigntype",
    "pk": 6,
    "fields": {
      "company": 1,
      "task_type": 3,
      "name": "3D\u8f6c2D",
      "index": 1,
      "is_active": 1
    }
  },
  {
    "model": "configuration.taskdesigntype",
    "pk": 7,
    "fields": {
      "company": 1,
      "task_type": 4,
      "name": "3D\u5f15\u64ce",
      "index": 1,
      "is_active": 1
    }
  },
  {
    "model": "configuration.taskdesigntype",
    "pk": 8,
    "fields": {
      "company": 1,
      "task_type": 4,
      "name": "3D\u8f6c2D",
      "index": 1,
      "is_active": 1
    }
  },
  {
    "model": "configuration.taskdesigntype",
    "pk": 9,
    "fields": {
      "company": 1,
      "task_type": 5,
      "name": "\u9ed8\u8ba4",
      "index": 1,
      "is_active": 1
    }
  },
  {
    "model": "configuration.taskdesigntype",
    "pk": 10,
    "fields": {
      "company": 1,
      "task_type": 6,
      "name": "\u9ed8\u8ba4",
      "index": 1,
      "is_active": 1
    }
  },
  {
    "model": "configuration.taskdesigntype",
    "pk": 11,
    "fields": {
      "company": 1,
      "task_type": 7,
      "name": "\u9ed8\u8ba4",
      "index": 1,
      "is_active": 1
    }
  },
  {
    "model": "configuration.taskdesigntype",
    "pk": 12,
    "fields": {
      "company": 1,
      "task_type": 8,
      "name": "\u9ed8\u8ba4",
      "index": 1,
      "is_active": 1
    }
  },
  {
    "model": "configuration.taskdesigntype",
    "pk": 13,
    "fields": {
      "company": 1,
      "task_type": 9,
      "name": "\u9ed8\u8ba4",
      "index": 1,
      "is_active": 1
    }
  },
  {
    "model": "configuration.taskstep",
    "pk": 2,
    "fields": {
      "company": 1,
      "name": "\u8349\u56fe",
      "task_type": 1,
      "task_design_type": 1,
      "index": 1,
      "is_active": 1
    }
  },
  {
    "model": "configuration.taskstep",
    "pk": 3,
    "fields": {
      "company": 1,
      "name": "\u7ebf\u7a3f",
      "task_type": 1,
      "task_design_type": 1,
      "index": 2,
      "is_active": 1
    }
  },
  {
    "model": "configuration.taskstep",
    "pk": 4,
    "fields": {
      "company": 1,
      "name": "\u8272\u7a3f",
      "task_type": 1,
      "task_design_type": 1,
      "index": 3,
      "is_active": 1
    }
  },
  {
    "model": "configuration.taskstep",
    "pk": 5,
    "fields": {
      "company": 1,
      "name": "\u4fee\u6539",
      "task_type": 1,
      "task_design_type": 1,
      "index": 4,
      "is_active": 1
    }
  },
  {
    "model": "configuration.taskstep",
    "pk": 6,
    "fields": {
      "company": 1,
      "name": "\u8349\u56fe",
      "task_type": 1,
      "task_design_type": 2,
      "index": 1,
      "is_active": 1
    }
  },
  {
    "model": "configuration.taskstep",
    "pk": 7,
    "fields": {
      "company": 1,
      "name": "\u9ed1\u767d\u7a3f",
      "task_type": 1,
      "task_design_type": 2,
      "index": 2,
      "is_active": 1
    }
  },
  {
    "model": "configuration.taskstep",
    "pk": 8,
    "fields": {
      "company": 1,
      "name": "\u8272\u7a3f",
      "task_type": 1,
      "task_design_type": 2,
      "index": 3,
      "is_active": 1
    }
  },
  {
    "model": "configuration.taskstep",
    "pk": 9,
    "fields": {
      "company": 1,
      "name": "\u4fee\u6539",
      "task_type": 1,
      "task_design_type": 2,
      "index": 4,
      "is_active": 1
    }
  },
  {
    "model": "configuration.taskstep",
    "pk": 10,
    "fields": {
      "company": 1,
      "name": "\u767d\u6a21",
      "task_type": 3,
      "task_design_type": 9,
      "index": 1,
      "is_active": 1
    }
  },
  {
    "model": "configuration.taskstep",
    "pk": 11,
    "fields": {
      "company": 1,
      "name": "\u5c55UV",
      "task_type": 3,
      "task_design_type": 9,
      "index": 2,
      "is_active": 1
    }
  },
  {
    "model": "configuration.taskstep",
    "pk": 12,
    "fields": {
      "company": 1,
      "name": "\u753b\u8d34\u56fe",
      "task_type": 3,
      "task_design_type": 9,
      "index": 3,
      "is_active": 1
    }
  },
  {
    "model": "configuration.taskstep",
    "pk": 13,
    "fields": {
      "company": 1,
      "name": "\u4fee\u6539",
      "task_type": 3,
      "task_design_type": 9,
      "index": 4,
      "is_active": 1
    }
  },
  {
    "model": "configuration.taskstep",
    "pk": 14,
    "fields": {
      "company": 1,
      "name": "\u7ed1\u5b9a",
      "task_type": 4,
      "task_design_type": 5,
      "index": 1,
      "is_active": 1
    }
  },
  {
    "model": "configuration.taskstep",
    "pk": 15,
    "fields": {
      "company": 1,
      "name": "\u5237\u6743\u91cd",
      "task_type": 4,
      "task_design_type": 5,
      "index": 2,
      "is_active": 1
    }
  },
  {
    "model": "configuration.taskstep",
    "pk": 16,
    "fields": {
      "company": 1,
      "name": "\u8c03\u52a8\u4f5c",
      "task_type": 4,
      "task_design_type": 5,
      "index": 3,
      "is_active": 1
    }
  },
  {
    "model": "configuration.taskstep",
    "pk": 17,
    "fields": {
      "company": 1,
      "name": "\u4fee\u6539",
      "task_type": 4,
      "task_design_type": 5,
      "index": 4,
      "is_active": 1
    }
  },
  {
    "model": "configuration.taskstep",
    "pk": 18,
    "fields": {
      "company": 1,
      "name": "\u7ed1\u5b9a",
      "task_type": 4,
      "task_design_type": 6,
      "index": 1,
      "is_active": 1
    }
  },
  {
    "model": "configuration.taskstep",
    "pk": 19,
    "fields": {
      "company": 1,
      "name": "\u5237\u6743\u91cd",
      "task_type": 4,
      "task_design_type": 6,
      "index": 2,
      "is_active": 1
    }
  },
  {
    "model": "configuration.taskstep",
    "pk": 20,
    "fields": {
      "company": 1,
      "name": "\u8c03\u52a8\u4f5c",
      "task_type": 4,
      "task_design_type": 6,
      "index": 3,
      "is_active": 1
    }
  },
  {
    "model": "configuration.taskstep",
    "pk": 21,
    "fields": {
      "company": 1,
      "name": "\u4fee\u6539",
      "task_type": 4,
      "task_design_type": 6,
      "index": 4,
      "is_active": 1
    }
  },
  {
    "model": "configuration.taskstep",
    "pk": 22,
    "fields": {
      "company": 1,
      "name": "\u51fa\u56fe",
      "task_type": 4,
      "task_design_type": 6,
      "index": 5,
      "is_active": 1
    }
  },
  {
    "model": "configuration.taskstep",
    "pk": 23,
    "fields": {
      "company": 1,
      "name": "\u5236\u4f5c",
      "task_type": 5,
      "task_design_type": 7,
      "index": 1,
      "is_active": 1
    }
  },
  {
    "model": "configuration.taskstep",
    "pk": 24,
    "fields": {
      "company": 1,
      "name": "\u4fee\u6539",
      "task_type": 5,
      "task_design_type": 7,
      "index": 2,
      "is_active": 1
    }
  },
  {
    "model": "configuration.taskstep",
    "pk": 25,
    "fields": {
      "company": 1,
      "name": "\u5236\u4f5c",
      "task_type": 5,
      "task_design_type": 8,
      "index": 1,
      "is_active": 1
    }
  },
  {
    "model": "configuration.taskstep",
    "pk": 26,
    "fields": {
      "company": 1,
      "name": "\u4fee\u6539",
      "task_type": 5,
      "task_design_type": 8,
      "index": 2,
      "is_active": 1
    }
  },
  {
    "model": "configuration.taskstep",
    "pk": 27,
    "fields": {
      "company": 1,
      "name": "\u51fa\u56fe",
      "task_type": 5,
      "task_design_type": 8,
      "index": 3,
      "is_active": 1
    }
  },
  {
    "model": "configuration.taskstep",
    "pk": 28,
    "fields": {
      "company": 1,
      "name": "\u8349\u56fe",
      "task_type": 8,
      "task_design_type": 12,
      "index": 1,
      "is_active": 1
    }
  },
  {
    "model": "configuration.taskstep",
    "pk": 29,
    "fields": {
      "company": 1,
      "name": "\u7cbe\u4fee ",
      "task_type": 8,
      "task_design_type": 12,
      "index": 2,
      "is_active": 1
    }
  },
  {
    "model": "configuration.taskstep",
    "pk": 30,
    "fields": {
      "company": 1,
      "name": "\u53cd\u9988",
      "task_type": 8,
      "task_design_type": 12,
      "index": 3,
      "is_active": 1
    }
  },
  {
    "model": "configuration.taskstep",
    "pk": 31,
    "fields": {
      "company": 1,
      "name": "\u4fee\u6539",
      "task_type": 8,
      "task_design_type": 12,
      "index": 4,
      "is_active": 1
    }
  },
  {
    "model": "configuration.taskstep",
    "pk": 32,
    "fields": {
      "company": 1,
      "name": "\u8349\u56fe",
      "task_type": 9,
      "task_design_type": 13,
      "index": 1,
      "is_active": 1
    }
  },
  {
    "model": "configuration.taskstep",
    "pk": 33,
    "fields": {
      "company": 1,
      "name": "\u7cbe\u4fee ",
      "task_type": 9,
      "task_design_type": 13,
      "index": 2,
      "is_active": 1
    }
  },
  {
    "model": "configuration.taskstep",
    "pk": 34,
    "fields": {
      "company": 1,
      "name": "\u53cd\u9988",
      "task_type": 9,
      "task_design_type": 13,
      "index": 3,
      "is_active": 1
    }
  },
  {
    "model": "configuration.taskstep",
    "pk": 35,
    "fields": {
      "company": 1,
      "name": "\u4fee\u6539",
      "task_type": 9,
      "task_design_type": 13,
      "index": 4,
      "is_active": 1
    }
  },
  {
    "model": "configuration.taskstep",
    "pk": 36,
    "fields": {
      "company": 1,
      "name": "\u8349\u56fe",
      "task_type": 2,
      "task_design_type": 3,
      "index": 1,
      "is_active": 1
    }
  },
  {
    "model": "configuration.taskstep",
    "pk": 37,
    "fields": {
      "company": 1,
      "name": "\u7ebf\u7a3f",
      "task_type": 2,
      "task_design_type": 3,
      "index": 2,
      "is_active": 1
    }
  },
  {
    "model": "configuration.taskstep",
    "pk": 38,
    "fields": {
      "company": 1,
      "name": "\u8272\u7a3f",
      "task_type": 2,
      "task_design_type": 3,
      "index": 3,
      "is_active": 1
    }
  },
  {
    "model": "configuration.taskstep",
    "pk": 39,
    "fields": {
      "company": 1,
      "name": "\u4fee\u6539",
      "task_type": 2,
      "task_design_type": 3,
      "index": 4,
      "is_active": 1
    }
  },
  {
    "model": "configuration.taskstep",
    "pk": 40,
    "fields": {
      "company": 1,
      "name": "\u4fee\u90e8\u4ef6",
      "task_type": 2,
      "task_design_type": 4,
      "index": 1,
      "is_active": 1
    }
  },
  {
    "model": "configuration.taskstep",
    "pk": 41,
    "fields": {
      "company": 1,
      "name": "\u62fc\u8349\u56fe",
      "task_type": 2,
      "task_design_type": 4,
      "index": 2,
      "is_active": 1
    }
  },
  {
    "model": "configuration.taskstep",
    "pk": 42,
    "fields": {
      "company": 1,
      "name": "\u7cbe\u4fee\u56fe",
      "task_type": 2,
      "task_design_type": 4,
      "index": 3,
      "is_active": 1
    }
  },
  {
    "model": "configuration.taskstep",
    "pk": 43,
    "fields": {
      "company": 1,
      "name": "\u4fee\u6539",
      "task_type": 2,
      "task_design_type": 4,
      "index": 4,
      "is_active": 1
    }
  },
  {
    "model": "auth.permission",
    "pk": 1,
    "fields": {
      "name": "Can add permission",
      "content_type": 1,
      "codename": "add_permission"
    }
  },
  {
    "model": "auth.permission",
    "pk": 2,
    "fields": {
      "name": "Can change permission",
      "content_type": 1,
      "codename": "change_permission"
    }
  },
  {
    "model": "auth.permission",
    "pk": 3,
    "fields": {
      "name": "Can delete permission",
      "content_type": 1,
      "codename": "delete_permission"
    }
  },
  {
    "model": "auth.permission",
    "pk": 4,
    "fields": {
      "name": "Can view permission",
      "content_type": 1,
      "codename": "view_permission"
    }
  },
  {
    "model": "auth.permission",
    "pk": 5,
    "fields": {
      "name": "Can add group",
      "content_type": 2,
      "codename": "add_group"
    }
  },
  {
    "model": "auth.permission",
    "pk": 6,
    "fields": {
      "name": "Can change group",
      "content_type": 2,
      "codename": "change_group"
    }
  },
  {
    "model": "auth.permission",
    "pk": 7,
    "fields": {
      "name": "Can delete group",
      "content_type": 2,
      "codename": "delete_group"
    }
  },
  {
    "model": "auth.permission",
    "pk": 8,
    "fields": {
      "name": "Can view group",
      "content_type": 2,
      "codename": "view_group"
    }
  },
  {
    "model": "auth.permission",
    "pk": 9,
    "fields": {
      "name": "Can add content type",
      "content_type": 3,
      "codename": "add_contenttype"
    }
  },
  {
    "model": "auth.permission",
    "pk": 10,
    "fields": {
      "name": "Can change content type",
      "content_type": 3,
      "codename": "change_contenttype"
    }
  },
  {
    "model": "auth.permission",
    "pk": 11,
    "fields": {
      "name": "Can delete content type",
      "content_type": 3,
      "codename": "delete_contenttype"
    }
  },
  {
    "model": "auth.permission",
    "pk": 12,
    "fields": {
      "name": "Can view content type",
      "content_type": 3,
      "codename": "view_contenttype"
    }
  },
  {
    "model": "auth.permission",
    "pk": 13,
    "fields": {
      "name": "Can add session",
      "content_type": 4,
      "codename": "add_session"
    }
  },
  {
    "model": "auth.permission",
    "pk": 14,
    "fields": {
      "name": "Can change session",
      "content_type": 4,
      "codename": "change_session"
    }
  },
  {
    "model": "auth.permission",
    "pk": 15,
    "fields": {
      "name": "Can delete session",
      "content_type": 4,
      "codename": "delete_session"
    }
  },
  {
    "model": "auth.permission",
    "pk": 16,
    "fields": {
      "name": "Can view session",
      "content_type": 4,
      "codename": "view_session"
    }
  },
  {
    "model": "auth.permission",
    "pk": 17,
    "fields": {
      "name": "Can add \u7528\u6237\u4fe1\u606f",
      "content_type": 5,
      "codename": "add_userprofile"
    }
  },
  {
    "model": "auth.permission",
    "pk": 18,
    "fields": {
      "name": "Can change \u7528\u6237\u4fe1\u606f",
      "content_type": 5,
      "codename": "change_userprofile"
    }
  },
  {
    "model": "auth.permission",
    "pk": 19,
    "fields": {
      "name": "Can delete \u7528\u6237\u4fe1\u606f",
      "content_type": 5,
      "codename": "delete_userprofile"
    }
  },
  {
    "model": "auth.permission",
    "pk": 20,
    "fields": {
      "name": "Can view \u7528\u6237\u4fe1\u606f",
      "content_type": 5,
      "codename": "view_userprofile"
    }
  },
  {
    "model": "auth.permission",
    "pk": 21,
    "fields": {
      "name": "Can add \u9a8c\u8bc1\u7801",
      "content_type": 6,
      "codename": "add_authcode"
    }
  },
  {
    "model": "auth.permission",
    "pk": 22,
    "fields": {
      "name": "Can change \u9a8c\u8bc1\u7801",
      "content_type": 6,
      "codename": "change_authcode"
    }
  },
  {
    "model": "auth.permission",
    "pk": 23,
    "fields": {
      "name": "Can delete \u9a8c\u8bc1\u7801",
      "content_type": 6,
      "codename": "delete_authcode"
    }
  },
  {
    "model": "auth.permission",
    "pk": 24,
    "fields": {
      "name": "Can view \u9a8c\u8bc1\u7801",
      "content_type": 6,
      "codename": "view_authcode"
    }
  },
  {
    "model": "auth.permission",
    "pk": 25,
    "fields": {
      "name": "Can add \u516c\u53f8",
      "content_type": 7,
      "codename": "add_company"
    }
  },
  {
    "model": "auth.permission",
    "pk": 26,
    "fields": {
      "name": "Can change \u516c\u53f8",
      "content_type": 7,
      "codename": "change_company"
    }
  },
  {
    "model": "auth.permission",
    "pk": 27,
    "fields": {
      "name": "Can delete \u516c\u53f8",
      "content_type": 7,
      "codename": "delete_company"
    }
  },
  {
    "model": "auth.permission",
    "pk": 28,
    "fields": {
      "name": "Can view \u516c\u53f8",
      "content_type": 7,
      "codename": "view_company"
    }
  },
  {
    "model": "auth.permission",
    "pk": 29,
    "fields": {
      "name": "Can add \u83dc\u5355",
      "content_type": 8,
      "codename": "add_menu"
    }
  },
  {
    "model": "auth.permission",
    "pk": 30,
    "fields": {
      "name": "Can change \u83dc\u5355",
      "content_type": 8,
      "codename": "change_menu"
    }
  },
  {
    "model": "auth.permission",
    "pk": 31,
    "fields": {
      "name": "Can delete \u83dc\u5355",
      "content_type": 8,
      "codename": "delete_menu"
    }
  },
  {
    "model": "auth.permission",
    "pk": 32,
    "fields": {
      "name": "Can view \u83dc\u5355",
      "content_type": 8,
      "codename": "view_menu"
    }
  },
  {
    "model": "auth.permission",
    "pk": 33,
    "fields": {
      "name": "Can add \u7ec4\u7ec7\u67b6\u6784",
      "content_type": 9,
      "codename": "add_organization"
    }
  },
  {
    "model": "auth.permission",
    "pk": 34,
    "fields": {
      "name": "Can change \u7ec4\u7ec7\u67b6\u6784",
      "content_type": 9,
      "codename": "change_organization"
    }
  },
  {
    "model": "auth.permission",
    "pk": 35,
    "fields": {
      "name": "Can delete \u7ec4\u7ec7\u67b6\u6784",
      "content_type": 9,
      "codename": "delete_organization"
    }
  },
  {
    "model": "auth.permission",
    "pk": 36,
    "fields": {
      "name": "Can view \u7ec4\u7ec7\u67b6\u6784",
      "content_type": 9,
      "codename": "view_organization"
    }
  },
  {
    "model": "auth.permission",
    "pk": 37,
    "fields": {
      "name": "Can add \u6743\u9650",
      "content_type": 10,
      "codename": "add_permission"
    }
  },
  {
    "model": "auth.permission",
    "pk": 38,
    "fields": {
      "name": "Can change \u6743\u9650",
      "content_type": 10,
      "codename": "change_permission"
    }
  },
  {
    "model": "auth.permission",
    "pk": 39,
    "fields": {
      "name": "Can delete \u6743\u9650",
      "content_type": 10,
      "codename": "delete_permission"
    }
  },
  {
    "model": "auth.permission",
    "pk": 40,
    "fields": {
      "name": "Can view \u6743\u9650",
      "content_type": 10,
      "codename": "view_permission"
    }
  },
  {
    "model": "auth.permission",
    "pk": 41,
    "fields": {
      "name": "Can add role",
      "content_type": 11,
      "codename": "add_role"
    }
  },
  {
    "model": "auth.permission",
    "pk": 42,
    "fields": {
      "name": "Can change role",
      "content_type": 11,
      "codename": "change_role"
    }
  },
  {
    "model": "auth.permission",
    "pk": 43,
    "fields": {
      "name": "Can delete role",
      "content_type": 11,
      "codename": "delete_role"
    }
  },
  {
    "model": "auth.permission",
    "pk": 44,
    "fields": {
      "name": "Can view role",
      "content_type": 11,
      "codename": "view_role"
    }
  },
  {
    "model": "auth.permission",
    "pk": 45,
    "fields": {
      "name": "Can add \u4e1a\u52a1",
      "content_type": 12,
      "codename": "add_business"
    }
  },
  {
    "model": "auth.permission",
    "pk": 46,
    "fields": {
      "name": "Can change \u4e1a\u52a1",
      "content_type": 12,
      "codename": "change_business"
    }
  },
  {
    "model": "auth.permission",
    "pk": 47,
    "fields": {
      "name": "Can delete \u4e1a\u52a1",
      "content_type": 12,
      "codename": "delete_business"
    }
  },
  {
    "model": "auth.permission",
    "pk": 48,
    "fields": {
      "name": "Can view \u4e1a\u52a1",
      "content_type": 12,
      "codename": "view_business"
    }
  },
  {
    "model": "auth.permission",
    "pk": 49,
    "fields": {
      "name": "Can add \u8fde\u63a5\u4fe1\u606f",
      "content_type": 13,
      "codename": "add_connectioninfo"
    }
  },
  {
    "model": "auth.permission",
    "pk": 50,
    "fields": {
      "name": "Can change \u8fde\u63a5\u4fe1\u606f",
      "content_type": 13,
      "codename": "change_connectioninfo"
    }
  },
  {
    "model": "auth.permission",
    "pk": 51,
    "fields": {
      "name": "Can delete \u8fde\u63a5\u4fe1\u606f",
      "content_type": 13,
      "codename": "delete_connectioninfo"
    }
  },
  {
    "model": "auth.permission",
    "pk": 52,
    "fields": {
      "name": "Can view \u8fde\u63a5\u4fe1\u606f",
      "content_type": 13,
      "codename": "view_connectioninfo"
    }
  },
  {
    "model": "auth.permission",
    "pk": 53,
    "fields": {
      "name": "Can add device file",
      "content_type": 14,
      "codename": "add_devicefile"
    }
  },
  {
    "model": "auth.permission",
    "pk": 54,
    "fields": {
      "name": "Can change device file",
      "content_type": 14,
      "codename": "change_devicefile"
    }
  },
  {
    "model": "auth.permission",
    "pk": 55,
    "fields": {
      "name": "Can delete device file",
      "content_type": 14,
      "codename": "delete_devicefile"
    }
  },
  {
    "model": "auth.permission",
    "pk": 56,
    "fields": {
      "name": "Can view device file",
      "content_type": 14,
      "codename": "view_devicefile"
    }
  },
  {
    "model": "auth.permission",
    "pk": 57,
    "fields": {
      "name": "Can add \u8bbe\u5907\u7ec4",
      "content_type": 15,
      "codename": "add_devicegroup"
    }
  },
  {
    "model": "auth.permission",
    "pk": 58,
    "fields": {
      "name": "Can change \u8bbe\u5907\u7ec4",
      "content_type": 15,
      "codename": "change_devicegroup"
    }
  },
  {
    "model": "auth.permission",
    "pk": 59,
    "fields": {
      "name": "Can delete \u8bbe\u5907\u7ec4",
      "content_type": 15,
      "codename": "delete_devicegroup"
    }
  },
  {
    "model": "auth.permission",
    "pk": 60,
    "fields": {
      "name": "Can view \u8bbe\u5907\u7ec4",
      "content_type": 15,
      "codename": "view_devicegroup"
    }
  },
  {
    "model": "auth.permission",
    "pk": 61,
    "fields": {
      "name": "Can add \u8bbe\u5907\u4fe1\u606f",
      "content_type": 16,
      "codename": "add_deviceinfo"
    }
  },
  {
    "model": "auth.permission",
    "pk": 62,
    "fields": {
      "name": "Can change \u8bbe\u5907\u4fe1\u606f",
      "content_type": 16,
      "codename": "change_deviceinfo"
    }
  },
  {
    "model": "auth.permission",
    "pk": 63,
    "fields": {
      "name": "Can delete \u8bbe\u5907\u4fe1\u606f",
      "content_type": 16,
      "codename": "delete_deviceinfo"
    }
  },
  {
    "model": "auth.permission",
    "pk": 64,
    "fields": {
      "name": "Can view \u8bbe\u5907\u4fe1\u606f",
      "content_type": 16,
      "codename": "view_deviceinfo"
    }
  },
  {
    "model": "auth.permission",
    "pk": 65,
    "fields": {
      "name": "Can add \u626b\u63cf\u4fe1\u606f",
      "content_type": 17,
      "codename": "add_devicescaninfo"
    }
  },
  {
    "model": "auth.permission",
    "pk": 66,
    "fields": {
      "name": "Can change \u626b\u63cf\u4fe1\u606f",
      "content_type": 17,
      "codename": "change_devicescaninfo"
    }
  },
  {
    "model": "auth.permission",
    "pk": 67,
    "fields": {
      "name": "Can delete \u626b\u63cf\u4fe1\u606f",
      "content_type": 17,
      "codename": "delete_devicescaninfo"
    }
  },
  {
    "model": "auth.permission",
    "pk": 68,
    "fields": {
      "name": "Can view \u626b\u63cf\u4fe1\u606f",
      "content_type": 17,
      "codename": "view_devicescaninfo"
    }
  },
  {
    "model": "auth.permission",
    "pk": 69,
    "fields": {
      "name": "Can add \u5b57\u5178",
      "content_type": 18,
      "codename": "add_dict"
    }
  },
  {
    "model": "auth.permission",
    "pk": 70,
    "fields": {
      "name": "Can change \u5b57\u5178",
      "content_type": 18,
      "codename": "change_dict"
    }
  },
  {
    "model": "auth.permission",
    "pk": 71,
    "fields": {
      "name": "Can delete \u5b57\u5178",
      "content_type": 18,
      "codename": "delete_dict"
    }
  },
  {
    "model": "auth.permission",
    "pk": 72,
    "fields": {
      "name": "Can view \u5b57\u5178",
      "content_type": 18,
      "codename": "view_dict"
    }
  },
  {
    "model": "auth.permission",
    "pk": 73,
    "fields": {
      "name": "Can add historical \u8bbe\u5907\u4fe1\u606f",
      "content_type": 19,
      "codename": "add_historicaldeviceinfo"
    }
  },
  {
    "model": "auth.permission",
    "pk": 74,
    "fields": {
      "name": "Can change historical \u8bbe\u5907\u4fe1\u606f",
      "content_type": 19,
      "codename": "change_historicaldeviceinfo"
    }
  },
  {
    "model": "auth.permission",
    "pk": 75,
    "fields": {
      "name": "Can delete historical \u8bbe\u5907\u4fe1\u606f",
      "content_type": 19,
      "codename": "delete_historicaldeviceinfo"
    }
  },
  {
    "model": "auth.permission",
    "pk": 76,
    "fields": {
      "name": "Can view historical \u8bbe\u5907\u4fe1\u606f",
      "content_type": 19,
      "codename": "view_historicaldeviceinfo"
    }
  },
  {
    "model": "auth.permission",
    "pk": 77,
    "fields": {
      "name": "Can add \u6807\u7b7e",
      "content_type": 20,
      "codename": "add_label"
    }
  },
  {
    "model": "auth.permission",
    "pk": 78,
    "fields": {
      "name": "Can change \u6807\u7b7e",
      "content_type": 20,
      "codename": "change_label"
    }
  },
  {
    "model": "auth.permission",
    "pk": 79,
    "fields": {
      "name": "Can delete \u6807\u7b7e",
      "content_type": 20,
      "codename": "delete_label"
    }
  },
  {
    "model": "auth.permission",
    "pk": 80,
    "fields": {
      "name": "Can view \u6807\u7b7e",
      "content_type": 20,
      "codename": "view_label"
    }
  },
  {
    "model": "auth.permission",
    "pk": 81,
    "fields": {
      "name": "Can add \u90e8\u7f72\u8bb0\u5f55",
      "content_type": 21,
      "codename": "add_deployrecord"
    }
  },
  {
    "model": "auth.permission",
    "pk": 82,
    "fields": {
      "name": "Can change \u90e8\u7f72\u8bb0\u5f55",
      "content_type": 21,
      "codename": "change_deployrecord"
    }
  },
  {
    "model": "auth.permission",
    "pk": 83,
    "fields": {
      "name": "Can delete \u90e8\u7f72\u8bb0\u5f55",
      "content_type": 21,
      "codename": "delete_deployrecord"
    }
  },
  {
    "model": "auth.permission",
    "pk": 84,
    "fields": {
      "name": "Can view \u90e8\u7f72\u8bb0\u5f55",
      "content_type": 21,
      "codename": "view_deployrecord"
    }
  },
  {
    "model": "auth.permission",
    "pk": 85,
    "fields": {
      "name": "Can add \u9879\u76ee\u914d\u7f6e",
      "content_type": 22,
      "codename": "add_project"
    }
  },
  {
    "model": "auth.permission",
    "pk": 86,
    "fields": {
      "name": "Can change \u9879\u76ee\u914d\u7f6e",
      "content_type": 22,
      "codename": "change_project"
    }
  },
  {
    "model": "auth.permission",
    "pk": 87,
    "fields": {
      "name": "Can delete \u9879\u76ee\u914d\u7f6e",
      "content_type": 22,
      "codename": "delete_project"
    }
  },
  {
    "model": "auth.permission",
    "pk": 88,
    "fields": {
      "name": "Can view \u9879\u76ee\u914d\u7f6e",
      "content_type": 22,
      "codename": "view_project"
    }
  },
  {
    "model": "auth.permission",
    "pk": 89,
    "fields": {
      "name": "Can add \u53cd\u9988\u65e5\u5fd7",
      "content_type": 23,
      "codename": "add_feedbacklog"
    }
  },
  {
    "model": "auth.permission",
    "pk": 90,
    "fields": {
      "name": "Can change \u53cd\u9988\u65e5\u5fd7",
      "content_type": 23,
      "codename": "change_feedbacklog"
    }
  },
  {
    "model": "auth.permission",
    "pk": 91,
    "fields": {
      "name": "Can delete \u53cd\u9988\u65e5\u5fd7",
      "content_type": 23,
      "codename": "delete_feedbacklog"
    }
  },
  {
    "model": "auth.permission",
    "pk": 92,
    "fields": {
      "name": "Can view \u53cd\u9988\u65e5\u5fd7",
      "content_type": 23,
      "codename": "view_feedbacklog"
    }
  },
  {
    "model": "auth.permission",
    "pk": 93,
    "fields": {
      "name": "Can add \u53cd\u9988",
      "content_type": 24,
      "codename": "add_feedbacks"
    }
  },
  {
    "model": "auth.permission",
    "pk": 94,
    "fields": {
      "name": "Can change \u53cd\u9988",
      "content_type": 24,
      "codename": "change_feedbacks"
    }
  },
  {
    "model": "auth.permission",
    "pk": 95,
    "fields": {
      "name": "Can delete \u53cd\u9988",
      "content_type": 24,
      "codename": "delete_feedbacks"
    }
  },
  {
    "model": "auth.permission",
    "pk": 96,
    "fields": {
      "name": "Can view \u53cd\u9988",
      "content_type": 24,
      "codename": "view_feedbacks"
    }
  },
  {
    "model": "auth.permission",
    "pk": 97,
    "fields": {
      "name": "Can add \u53cd\u9988\u5bcc\u6587\u672c",
      "content_type": 25,
      "codename": "add_feedbacktexts"
    }
  },
  {
    "model": "auth.permission",
    "pk": 98,
    "fields": {
      "name": "Can change \u53cd\u9988\u5bcc\u6587\u672c",
      "content_type": 25,
      "codename": "change_feedbacktexts"
    }
  },
  {
    "model": "auth.permission",
    "pk": 99,
    "fields": {
      "name": "Can delete \u53cd\u9988\u5bcc\u6587\u672c",
      "content_type": 25,
      "codename": "delete_feedbacktexts"
    }
  },
  {
    "model": "auth.permission",
    "pk": 100,
    "fields": {
      "name": "Can view \u53cd\u9988\u5bcc\u6587\u672c",
      "content_type": 25,
      "codename": "view_feedbacktexts"
    }
  },
  {
    "model": "auth.permission",
    "pk": 101,
    "fields": {
      "name": "Can add \u6587\u4ef6",
      "content_type": 26,
      "codename": "add_files"
    }
  },
  {
    "model": "auth.permission",
    "pk": 102,
    "fields": {
      "name": "Can change \u6587\u4ef6",
      "content_type": 26,
      "codename": "change_files"
    }
  },
  {
    "model": "auth.permission",
    "pk": 103,
    "fields": {
      "name": "Can delete \u6587\u4ef6",
      "content_type": 26,
      "codename": "delete_files"
    }
  },
  {
    "model": "auth.permission",
    "pk": 104,
    "fields": {
      "name": "Can view \u6587\u4ef6",
      "content_type": 26,
      "codename": "view_files"
    }
  },
  {
    "model": "auth.permission",
    "pk": 105,
    "fields": {
      "name": "Can add \u6d88\u606f",
      "content_type": 27,
      "codename": "add_message"
    }
  },
  {
    "model": "auth.permission",
    "pk": 106,
    "fields": {
      "name": "Can change \u6d88\u606f",
      "content_type": 27,
      "codename": "change_message"
    }
  },
  {
    "model": "auth.permission",
    "pk": 107,
    "fields": {
      "name": "Can delete \u6d88\u606f",
      "content_type": 27,
      "codename": "delete_message"
    }
  },
  {
    "model": "auth.permission",
    "pk": 108,
    "fields": {
      "name": "Can view \u6d88\u606f",
      "content_type": 27,
      "codename": "view_message"
    }
  },
  {
    "model": "auth.permission",
    "pk": 109,
    "fields": {
      "name": "Can add \u5bcc\u6587\u672c",
      "content_type": 28,
      "codename": "add_progresstexts"
    }
  },
  {
    "model": "auth.permission",
    "pk": 110,
    "fields": {
      "name": "Can change \u5bcc\u6587\u672c",
      "content_type": 28,
      "codename": "change_progresstexts"
    }
  },
  {
    "model": "auth.permission",
    "pk": 111,
    "fields": {
      "name": "Can delete \u5bcc\u6587\u672c",
      "content_type": 28,
      "codename": "delete_progresstexts"
    }
  },
  {
    "model": "auth.permission",
    "pk": 112,
    "fields": {
      "name": "Can view \u5bcc\u6587\u672c",
      "content_type": 28,
      "codename": "view_progresstexts"
    }
  },
  {
    "model": "auth.permission",
    "pk": 113,
    "fields": {
      "name": "Can add \u9879\u76ee",
      "content_type": 29,
      "codename": "add_project"
    }
  },
  {
    "model": "auth.permission",
    "pk": 114,
    "fields": {
      "name": "Can change \u9879\u76ee",
      "content_type": 29,
      "codename": "change_project"
    }
  },
  {
    "model": "auth.permission",
    "pk": 115,
    "fields": {
      "name": "Can delete \u9879\u76ee",
      "content_type": 29,
      "codename": "delete_project"
    }
  },
  {
    "model": "auth.permission",
    "pk": 116,
    "fields": {
      "name": "Can view \u9879\u76ee",
      "content_type": 29,
      "codename": "view_project"
    }
  },
  {
    "model": "auth.permission",
    "pk": 117,
    "fields": {
      "name": "Can add \u9879\u76ee\u6210\u672c",
      "content_type": 30,
      "codename": "add_projectcost"
    }
  },
  {
    "model": "auth.permission",
    "pk": 118,
    "fields": {
      "name": "Can change \u9879\u76ee\u6210\u672c",
      "content_type": 30,
      "codename": "change_projectcost"
    }
  },
  {
    "model": "auth.permission",
    "pk": 119,
    "fields": {
      "name": "Can delete \u9879\u76ee\u6210\u672c",
      "content_type": 30,
      "codename": "delete_projectcost"
    }
  },
  {
    "model": "auth.permission",
    "pk": 120,
    "fields": {
      "name": "Can view \u9879\u76ee\u6210\u672c",
      "content_type": 30,
      "codename": "view_projectcost"
    }
  },
  {
    "model": "auth.permission",
    "pk": 121,
    "fields": {
      "name": "Can add \u8d39\u7528\u9879",
      "content_type": 31,
      "codename": "add_projectfee"
    }
  },
  {
    "model": "auth.permission",
    "pk": 122,
    "fields": {
      "name": "Can change \u8d39\u7528\u9879",
      "content_type": 31,
      "codename": "change_projectfee"
    }
  },
  {
    "model": "auth.permission",
    "pk": 123,
    "fields": {
      "name": "Can delete \u8d39\u7528\u9879",
      "content_type": 31,
      "codename": "delete_projectfee"
    }
  },
  {
    "model": "auth.permission",
    "pk": 124,
    "fields": {
      "name": "Can view \u8d39\u7528\u9879",
      "content_type": 31,
      "codename": "view_projectfee"
    }
  },
  {
    "model": "auth.permission",
    "pk": 125,
    "fields": {
      "name": "Can add \u9879\u76ee\u9a73\u56de\u539f\u56e0",
      "content_type": 32,
      "codename": "add_projectrejectreason"
    }
  },
  {
    "model": "auth.permission",
    "pk": 126,
    "fields": {
      "name": "Can change \u9879\u76ee\u9a73\u56de\u539f\u56e0",
      "content_type": 32,
      "codename": "change_projectrejectreason"
    }
  },
  {
    "model": "auth.permission",
    "pk": 127,
    "fields": {
      "name": "Can delete \u9879\u76ee\u9a73\u56de\u539f\u56e0",
      "content_type": 32,
      "codename": "delete_projectrejectreason"
    }
  },
  {
    "model": "auth.permission",
    "pk": 128,
    "fields": {
      "name": "Can view \u9879\u76ee\u9a73\u56de\u539f\u56e0",
      "content_type": 32,
      "codename": "view_projectrejectreason"
    }
  },
  {
    "model": "auth.permission",
    "pk": 129,
    "fields": {
      "name": "Can add \u4efb\u52a1",
      "content_type": 33,
      "codename": "add_step"
    }
  },
  {
    "model": "auth.permission",
    "pk": 130,
    "fields": {
      "name": "Can change \u4efb\u52a1",
      "content_type": 33,
      "codename": "change_step"
    }
  },
  {
    "model": "auth.permission",
    "pk": 131,
    "fields": {
      "name": "Can delete \u4efb\u52a1",
      "content_type": 33,
      "codename": "delete_step"
    }
  },
  {
    "model": "auth.permission",
    "pk": 132,
    "fields": {
      "name": "Can view \u4efb\u52a1",
      "content_type": 33,
      "codename": "view_step"
    }
  },
  {
    "model": "auth.permission",
    "pk": 133,
    "fields": {
      "name": "Can add \u6b65\u9aa4\u65e5\u5fd7",
      "content_type": 34,
      "codename": "add_steplog"
    }
  },
  {
    "model": "auth.permission",
    "pk": 134,
    "fields": {
      "name": "Can change \u6b65\u9aa4\u65e5\u5fd7",
      "content_type": 34,
      "codename": "change_steplog"
    }
  },
  {
    "model": "auth.permission",
    "pk": 135,
    "fields": {
      "name": "Can delete \u6b65\u9aa4\u65e5\u5fd7",
      "content_type": 34,
      "codename": "delete_steplog"
    }
  },
  {
    "model": "auth.permission",
    "pk": 136,
    "fields": {
      "name": "Can view \u6b65\u9aa4\u65e5\u5fd7",
      "content_type": 34,
      "codename": "view_steplog"
    }
  },
  {
    "model": "auth.permission",
    "pk": 137,
    "fields": {
      "name": "Can add \u6b65\u9aa4\u9a73\u56de\u539f\u56e0",
      "content_type": 35,
      "codename": "add_steprejectreason"
    }
  },
  {
    "model": "auth.permission",
    "pk": 138,
    "fields": {
      "name": "Can change \u6b65\u9aa4\u9a73\u56de\u539f\u56e0",
      "content_type": 35,
      "codename": "change_steprejectreason"
    }
  },
  {
    "model": "auth.permission",
    "pk": 139,
    "fields": {
      "name": "Can delete \u6b65\u9aa4\u9a73\u56de\u539f\u56e0",
      "content_type": 35,
      "codename": "delete_steprejectreason"
    }
  },
  {
    "model": "auth.permission",
    "pk": 140,
    "fields": {
      "name": "Can view \u6b65\u9aa4\u9a73\u56de\u539f\u56e0",
      "content_type": 35,
      "codename": "view_steprejectreason"
    }
  },
  {
    "model": "auth.permission",
    "pk": 141,
    "fields": {
      "name": "Can add \u9879\u76ee\u4efb\u52a1",
      "content_type": 36,
      "codename": "add_task"
    }
  },
  {
    "model": "auth.permission",
    "pk": 142,
    "fields": {
      "name": "Can change \u9879\u76ee\u4efb\u52a1",
      "content_type": 36,
      "codename": "change_task"
    }
  },
  {
    "model": "auth.permission",
    "pk": 143,
    "fields": {
      "name": "Can delete \u9879\u76ee\u4efb\u52a1",
      "content_type": 36,
      "codename": "delete_task"
    }
  },
  {
    "model": "auth.permission",
    "pk": 144,
    "fields": {
      "name": "Can view \u9879\u76ee\u4efb\u52a1",
      "content_type": 36,
      "codename": "view_task"
    }
  },
  {
    "model": "auth.permission",
    "pk": 145,
    "fields": {
      "name": "Can add \u4efb\u52a1\u8f6c\u6d3e\u539f\u56e0",
      "content_type": 37,
      "codename": "add_taskallocatereason"
    }
  },
  {
    "model": "auth.permission",
    "pk": 146,
    "fields": {
      "name": "Can change \u4efb\u52a1\u8f6c\u6d3e\u539f\u56e0",
      "content_type": 37,
      "codename": "change_taskallocatereason"
    }
  },
  {
    "model": "auth.permission",
    "pk": 147,
    "fields": {
      "name": "Can delete \u4efb\u52a1\u8f6c\u6d3e\u539f\u56e0",
      "content_type": 37,
      "codename": "delete_taskallocatereason"
    }
  },
  {
    "model": "auth.permission",
    "pk": 148,
    "fields": {
      "name": "Can view \u4efb\u52a1\u8f6c\u6d3e\u539f\u56e0",
      "content_type": 37,
      "codename": "view_taskallocatereason"
    }
  },
  {
    "model": "auth.permission",
    "pk": 149,
    "fields": {
      "name": "Can add \u7528\u6237\u79ef\u5206",
      "content_type": 38,
      "codename": "add_points"
    }
  },
  {
    "model": "auth.permission",
    "pk": 150,
    "fields": {
      "name": "Can change \u7528\u6237\u79ef\u5206",
      "content_type": 38,
      "codename": "change_points"
    }
  },
  {
    "model": "auth.permission",
    "pk": 151,
    "fields": {
      "name": "Can delete \u7528\u6237\u79ef\u5206",
      "content_type": 38,
      "codename": "delete_points"
    }
  },
  {
    "model": "auth.permission",
    "pk": 152,
    "fields": {
      "name": "Can view \u7528\u6237\u79ef\u5206",
      "content_type": 38,
      "codename": "view_points"
    }
  },
  {
    "model": "auth.permission",
    "pk": 153,
    "fields": {
      "name": "Can add \u7528\u6237\u79ef\u5206\u660e\u7ec6",
      "content_type": 39,
      "codename": "add_pointsdetail"
    }
  },
  {
    "model": "auth.permission",
    "pk": 154,
    "fields": {
      "name": "Can change \u7528\u6237\u79ef\u5206\u660e\u7ec6",
      "content_type": 39,
      "codename": "change_pointsdetail"
    }
  },
  {
    "model": "auth.permission",
    "pk": 155,
    "fields": {
      "name": "Can delete \u7528\u6237\u79ef\u5206\u660e\u7ec6",
      "content_type": 39,
      "codename": "delete_pointsdetail"
    }
  },
  {
    "model": "auth.permission",
    "pk": 156,
    "fields": {
      "name": "Can view \u7528\u6237\u79ef\u5206\u660e\u7ec6",
      "content_type": 39,
      "codename": "view_pointsdetail"
    }
  },
  {
    "model": "auth.permission",
    "pk": 157,
    "fields": {
      "name": "Can add \u9879\u76ee\u79ef\u5206",
      "content_type": 40,
      "codename": "add_projectpoints"
    }
  },
  {
    "model": "auth.permission",
    "pk": 158,
    "fields": {
      "name": "Can change \u9879\u76ee\u79ef\u5206",
      "content_type": 40,
      "codename": "change_projectpoints"
    }
  },
  {
    "model": "auth.permission",
    "pk": 159,
    "fields": {
      "name": "Can delete \u9879\u76ee\u79ef\u5206",
      "content_type": 40,
      "codename": "delete_projectpoints"
    }
  },
  {
    "model": "auth.permission",
    "pk": 160,
    "fields": {
      "name": "Can view \u9879\u76ee\u79ef\u5206",
      "content_type": 40,
      "codename": "view_projectpoints"
    }
  },
  {
    "model": "auth.permission",
    "pk": 161,
    "fields": {
      "name": "Can add \u85aa\u6c34",
      "content_type": 41,
      "codename": "add_salary"
    }
  },
  {
    "model": "auth.permission",
    "pk": 162,
    "fields": {
      "name": "Can change \u85aa\u6c34",
      "content_type": 41,
      "codename": "change_salary"
    }
  },
  {
    "model": "auth.permission",
    "pk": 163,
    "fields": {
      "name": "Can delete \u85aa\u6c34",
      "content_type": 41,
      "codename": "delete_salary"
    }
  },
  {
    "model": "auth.permission",
    "pk": 164,
    "fields": {
      "name": "Can view \u85aa\u6c34",
      "content_type": 41,
      "codename": "view_salary"
    }
  },
  {
    "model": "auth.permission",
    "pk": 165,
    "fields": {
      "name": "Can add \u7528\u6237\u6280\u80fd",
      "content_type": 42,
      "codename": "add_skill"
    }
  },
  {
    "model": "auth.permission",
    "pk": 166,
    "fields": {
      "name": "Can change \u7528\u6237\u6280\u80fd",
      "content_type": 42,
      "codename": "change_skill"
    }
  },
  {
    "model": "auth.permission",
    "pk": 167,
    "fields": {
      "name": "Can delete \u7528\u6237\u6280\u80fd",
      "content_type": 42,
      "codename": "delete_skill"
    }
  },
  {
    "model": "auth.permission",
    "pk": 168,
    "fields": {
      "name": "Can view \u7528\u6237\u6280\u80fd",
      "content_type": 42,
      "codename": "view_skill"
    }
  },
  {
    "model": "auth.permission",
    "pk": 169,
    "fields": {
      "name": "Can add \u4efb\u52a1\u8bc4\u7ea7",
      "content_type": 43,
      "codename": "add_taskassessment"
    }
  },
  {
    "model": "auth.permission",
    "pk": 170,
    "fields": {
      "name": "Can change \u4efb\u52a1\u8bc4\u7ea7",
      "content_type": 43,
      "codename": "change_taskassessment"
    }
  },
  {
    "model": "auth.permission",
    "pk": 171,
    "fields": {
      "name": "Can delete \u4efb\u52a1\u8bc4\u7ea7",
      "content_type": 43,
      "codename": "delete_taskassessment"
    }
  },
  {
    "model": "auth.permission",
    "pk": 172,
    "fields": {
      "name": "Can view \u4efb\u52a1\u8bc4\u7ea7",
      "content_type": 43,
      "codename": "view_taskassessment"
    }
  },
  {
    "model": "auth.permission",
    "pk": 173,
    "fields": {
      "name": "Can add \u4efb\u52a1\u8bbe\u8ba1\u65b9\u5f0f",
      "content_type": 44,
      "codename": "add_taskdesigntype"
    }
  },
  {
    "model": "auth.permission",
    "pk": 174,
    "fields": {
      "name": "Can change \u4efb\u52a1\u8bbe\u8ba1\u65b9\u5f0f",
      "content_type": 44,
      "codename": "change_taskdesigntype"
    }
  },
  {
    "model": "auth.permission",
    "pk": 175,
    "fields": {
      "name": "Can delete \u4efb\u52a1\u8bbe\u8ba1\u65b9\u5f0f",
      "content_type": 44,
      "codename": "delete_taskdesigntype"
    }
  },
  {
    "model": "auth.permission",
    "pk": 176,
    "fields": {
      "name": "Can view \u4efb\u52a1\u8bbe\u8ba1\u65b9\u5f0f",
      "content_type": 44,
      "codename": "view_taskdesigntype"
    }
  },
  {
    "model": "auth.permission",
    "pk": 177,
    "fields": {
      "name": "Can add \u4efb\u52a1\u4f18\u5148\u7ea7",
      "content_type": 45,
      "codename": "add_taskpriority"
    }
  },
  {
    "model": "auth.permission",
    "pk": 178,
    "fields": {
      "name": "Can change \u4efb\u52a1\u4f18\u5148\u7ea7",
      "content_type": 45,
      "codename": "change_taskpriority"
    }
  },
  {
    "model": "auth.permission",
    "pk": 179,
    "fields": {
      "name": "Can delete \u4efb\u52a1\u4f18\u5148\u7ea7",
      "content_type": 45,
      "codename": "delete_taskpriority"
    }
  },
  {
    "model": "auth.permission",
    "pk": 180,
    "fields": {
      "name": "Can view \u4efb\u52a1\u4f18\u5148\u7ea7",
      "content_type": 45,
      "codename": "view_taskpriority"
    }
  },
  {
    "model": "auth.permission",
    "pk": 181,
    "fields": {
      "name": "Can add \u4efb\u52a1\u54c1\u8d28\u8981\u6c42",
      "content_type": 46,
      "codename": "add_taskquality"
    }
  },
  {
    "model": "auth.permission",
    "pk": 182,
    "fields": {
      "name": "Can change \u4efb\u52a1\u54c1\u8d28\u8981\u6c42",
      "content_type": 46,
      "codename": "change_taskquality"
    }
  },
  {
    "model": "auth.permission",
    "pk": 183,
    "fields": {
      "name": "Can delete \u4efb\u52a1\u54c1\u8d28\u8981\u6c42",
      "content_type": 46,
      "codename": "delete_taskquality"
    }
  },
  {
    "model": "auth.permission",
    "pk": 184,
    "fields": {
      "name": "Can view \u4efb\u52a1\u54c1\u8d28\u8981\u6c42",
      "content_type": 46,
      "codename": "view_taskquality"
    }
  },
  {
    "model": "auth.permission",
    "pk": 185,
    "fields": {
      "name": "Can add \u4efb\u52a1\u6b65\u9aa4",
      "content_type": 47,
      "codename": "add_taskstep"
    }
  },
  {
    "model": "auth.permission",
    "pk": 186,
    "fields": {
      "name": "Can change \u4efb\u52a1\u6b65\u9aa4",
      "content_type": 47,
      "codename": "change_taskstep"
    }
  },
  {
    "model": "auth.permission",
    "pk": 187,
    "fields": {
      "name": "Can delete \u4efb\u52a1\u6b65\u9aa4",
      "content_type": 47,
      "codename": "delete_taskstep"
    }
  },
  {
    "model": "auth.permission",
    "pk": 188,
    "fields": {
      "name": "Can view \u4efb\u52a1\u6b65\u9aa4",
      "content_type": 47,
      "codename": "view_taskstep"
    }
  },
  {
    "model": "auth.permission",
    "pk": 189,
    "fields": {
      "name": "Can add \u4efb\u52a1\u7c7b\u578b",
      "content_type": 48,
      "codename": "add_tasktype"
    }
  },
  {
    "model": "auth.permission",
    "pk": 190,
    "fields": {
      "name": "Can change \u4efb\u52a1\u7c7b\u578b",
      "content_type": 48,
      "codename": "change_tasktype"
    }
  },
  {
    "model": "auth.permission",
    "pk": 191,
    "fields": {
      "name": "Can delete \u4efb\u52a1\u7c7b\u578b",
      "content_type": 48,
      "codename": "delete_tasktype"
    }
  },
  {
    "model": "auth.permission",
    "pk": 192,
    "fields": {
      "name": "Can view \u4efb\u52a1\u7c7b\u578b",
      "content_type": 48,
      "codename": "view_tasktype"
    }
  },
  {
    "model": "rbac.userprofile",
    "pk": 1,
    "fields": {
      "password": "pbkdf2_sha256$120000$qrDN3X20rlJa$xcjW95Jdd4hfcHVeKr3T/nkunZ30x0khdBEK1HJHLPs=",
      "last_login": null,
      "is_superuser": true,
      "username": "admin",
      "first_name": "",
      "last_name": "",
      "is_staff": true,
      "is_active": true,
      "date_joined": "2019-03-23T14:01:30.868",
      "name": "\u7ba1\u7406\u5458",
      "mobile": "",
      "email": "admin@admin.com",
      "image": "image/default.png",
      "department": null,
      "position": null,
      "superior": null,
      "groups": [],
      "user_permissions": [],
      "roles": [
        1
      ]
    }
  },
  {
    "model": "rbac.userprofile",
    "pk": 2,
    "fields": {
      "password": "pbkdf2_sha256$120000$V8btJX45JNOG$ln8FSzgrFBK+me/J2Z6PPRWLCy+pVg8hD8lG/orQ7a4=",
      "last_login": null,
      "is_superuser": false,
      "username": "point",
      "first_name": "",
      "last_name": "",
      "is_staff": false,
      "is_active": true,
      "date_joined": "2019-04-26T13:20:56.001",
      "name": "point",
      "mobile": "13888888888",
      "email": "a@b.com",
      "image": "image/default.png",
      "department": 3,
      "position": "",
      "superior": null,
      "groups": [],
      "user_permissions": [],
      "roles": []
    }
  },
  {
    "model": "rbac.userprofile",
    "pk": 3,
    "fields": {
      "password": "pbkdf2_sha256$120000$joKT5s8O9KBt$8O0ffA0WNlJTFFKxQlVckM44Y1zl+71oT3UB0XbixBw=",
      "last_login": null,
      "is_superuser": false,
      "username": "one",
      "first_name": "",
      "last_name": "",
      "is_staff": false,
      "is_active": true,
      "date_joined": "2019-04-26T16:14:56.864",
      "name": "one",
      "mobile": "13555555555",
      "email": "a@b.com",
      "image": "image/default.png",
      "department": 3,
      "position": "",
      "superior": null,
      "groups": [],
      "user_permissions": [],
      "roles": [
        7
      ]
    }
  },
  {
    "model": "rbac.userprofile",
    "pk": 4,
    "fields": {
      "password": "pbkdf2_sha256$120000$FgEqRI0M96LS$RBLLSzoQgvEweMUaQQliMSd8r33MCsqos9qrMAc+1/k=",
      "last_login": null,
      "is_superuser": false,
      "username": "world",
      "first_name": "",
      "last_name": "",
      "is_staff": false,
      "is_active": true,
      "date_joined": "2019-04-26T16:15:26.886",
      "name": "world",
      "mobile": "13666666666",
      "email": "a@b.com",
      "image": "image/default.png",
      "department": null,
      "position": "",
      "superior": null,
      "groups": [],
      "user_permissions": [],
      "roles": [
        6
      ]
    }
  },
  {
    "model": "rbac.userprofile",
    "pk": 5,
    "fields": {
      "password": "pbkdf2_sha256$120000$Viwn5rumhEgp$odoSAesY0EXjAXt3bh2wutTWDNM/PyxSLAeB8h0QkNQ=",
      "last_login": null,
      "is_superuser": false,
      "username": "\u5546\u52a1\u4eba\u5458\u89d2\u8272\u6d4b\u8bd5",
      "first_name": "",
      "last_name": "",
      "is_staff": false,
      "is_active": true,
      "date_joined": "2019-05-03T14:50:10.434",
      "name": "\u5546\u52a1\u4eba\u5458\u89d2\u8272\u6d4b\u8bd5",
      "mobile": "13677777777",
      "email": "1@2.com",
      "image": "image/default.png",
      "department": null,
      "position": "",
      "superior": null,
      "groups": [],
      "user_permissions": [],
      "roles": [
        8
      ]
    }
  },
  {
    "model": "rbac.userprofile",
    "pk": 6,
    "fields": {
      "password": "pbkdf2_sha256$120000$I3dqMGkWLxk3$MfRvLvlFTARx9aBmEzXgbbAUtbCiiSBzip82CtZU+2A=",
      "last_login": null,
      "is_superuser": false,
      "username": "\u9879\u76ee\u5ba1\u6838\u5458\u89d2\u8272\u6d4b\u8bd5",
      "first_name": "",
      "last_name": "",
      "is_staff": false,
      "is_active": true,
      "date_joined": "2019-05-03T14:51:47.887",
      "name": "\u9879\u76ee\u5ba1\u6838\u5458\u89d2\u8272\u6d4b\u8bd5",
      "mobile": "13688888888",
      "email": "1@3.com",
      "image": "image/default.png",
      "department": null,
      "position": "",
      "superior": null,
      "groups": [],
      "user_permissions": [],
      "roles": [
        5
      ]
    }
  },
  {
    "model": "rbac.userprofile",
    "pk": 7,
    "fields": {
      "password": "pbkdf2_sha256$120000$wARD8FUzLs8R$4Nm/KSgtkoNgBefwYXGKJO1yfCR8s0chKRJ5Vit5Yn4=",
      "last_login": null,
      "is_superuser": false,
      "username": "\u4efb\u52a1\u8d1f\u8d23\u4eba\u89d2\u8272\u6d4b\u8bd5",
      "first_name": "",
      "last_name": "",
      "is_staff": false,
      "is_active": true,
      "date_joined": "2019-05-03T14:52:43.345",
      "name": "\u4efb\u52a1\u8d1f\u8d23\u4eba\u89d2\u8272\u6d4b\u8bd5",
      "mobile": "13699999999",
      "email": "1@5.com",
      "image": "image/default.png",
      "department": null,
      "position": "",
      "superior": null,
      "groups": [],
      "user_permissions": [],
      "roles": [
        6
      ]
    }
  },
  {
    "model": "rbac.userprofile",
    "pk": 8,
    "fields": {
      "password": "pbkdf2_sha256$120000$M863H4IbLrGg$2pKrrwndHm71D3jVJhmSszQXNlWLOAbdthKV9zH0MPY=",
      "last_login": null,
      "is_superuser": false,
      "username": "\u9879\u76ee\u8d1f\u8d23\u4eba\u89d2\u8272\u6d4b\u8bd5",
      "first_name": "",
      "last_name": "",
      "is_staff": false,
      "is_active": true,
      "date_joined": "2019-05-03T14:53:36.347",
      "name": "\u9879\u76ee\u8d1f\u8d23\u4eba\u89d2\u8272\u6d4b\u8bd5",
      "mobile": "13322222222",
      "email": "1@6.com",
      "image": "image/default.png",
      "department": null,
      "position": "",
      "superior": null,
      "groups": [],
      "user_permissions": [],
      "roles": [
        7
      ]
    }
  },
  {
    "model": "business.project",
    "pk": 2,
    "fields": {
      "company": 1,
      "name": "\u6b27\u7f8eRPG",
      "style": "\u6b27\u7f8e\u5199\u5b9e\u98ce\u683c",
      "progress": 0,
      "points": 0,
      "is_active": 1,
      "is_finished": 0,
      "customer": "\u7f51\u6613",
      "sender": 5,
      "receiver": 8,
      "receive_status": 1,
      "auditor": null,
      "audit_status": 0,
      "begin_time": "2019-04-19",
      "end_time": "2019-04-19",
      "duration": 10.0,
      "add_time": "2019-04-19T16:02:19",
      "update_time": "2019-04-29T16:02:19",
      "delete_time": "2019-04-19T16:02:19"
    }
  },
  {
    "model": "business.project",
    "pk": 3,
    "fields": {
      "company": 1,
      "name": "\u4e8c\u6b21\u5143RPG",
      "style": "\u4e8c\u6b21\u5143\u98ce\u683c",
      "progress": 0,
      "points": 0,
      "is_active": 1,
      "is_finished": 0,
      "customer": "\u817e\u8baf",
      "sender": 5,
      "receiver": 8,
      "receive_status": 1,
      "auditor": null,
      "audit_status": 0,
      "begin_time": "2019-04-19",
      "end_time": "2019-04-19",
      "duration": 20.0,
      "add_time": "2019-04-19T16:02:19",
      "update_time": "2019-04-29T16:02:19",
      "delete_time": "2019-04-19T16:02:19"
    }
  },
  {
    "model": "business.project",
    "pk": 4,
    "fields": {
      "company": 1,
      "name": "\u6b27\u7f8eRPG",
      "style": "\u6b27\u7f8e\u5199\u5b9e\u98ce\u683c",
      "progress": 0,
      "points": 0,
      "is_active": 1,
      "is_finished": 0,
      "customer": "\u7f51\u6613",
      "sender": 5,
      "receiver": 8,
      "receive_status": 1,
      "auditor": null,
      "audit_status": 0,
      "begin_time": "2019-04-19",
      "end_time": "2019-04-19",
      "duration": 10.0,
      "add_time": "2019-04-19T16:02:19",
      "update_time": "2019-04-29T16:02:19",
      "delete_time": "2019-04-19T16:02:19"
    }
  },
  {
    "model": "business.project",
    "pk": 5,
    "fields": {
      "company": 1,
      "name": "\u4e8c\u6b21\u5143RPG",
      "style": "\u4e8c\u6b21\u5143\u98ce\u683c",
      "progress": 0,
      "points": 0,
      "is_active": 1,
      "is_finished": 0,
      "customer": "\u817e\u8baf",
      "sender": 5,
      "receiver": 8,
      "receive_status": 1,
      "auditor": null,
      "audit_status": 0,
      "begin_time": "2019-04-19",
      "end_time": "2019-04-19",
      "duration": 20.0,
      "add_time": "2019-04-19T16:02:19",
      "update_time": "2019-04-29T16:02:19",
      "delete_time": "2019-04-19T16:02:19"
    }
  },
  {
    "model": "business.project",
    "pk": 6,
    "fields": {
      "company": 1,
      "name": "\u6b27\u7f8eRPG",
      "style": "\u6b27\u7f8e\u5199\u5b9e\u98ce\u683c",
      "progress": 0,
      "points": 0,
      "is_active": 1,
      "is_finished": 0,
      "customer": "\u7f51\u6613",
      "sender": 5,
      "receiver": 8,
      "receive_status": 1,
      "auditor": null,
      "audit_status": 0,
      "begin_time": "2019-04-19",
      "end_time": "2019-04-19",
      "duration": 10.0,
      "add_time": "2019-04-19T16:02:19",
      "update_time": "2019-04-29T16:02:19",
      "delete_time": "2019-04-19T16:02:19"
    }
  },
  {
    "model": "business.project",
    "pk": 7,
    "fields": {
      "company": 1,
      "name": "\u4e8c\u6b21\u5143RPG",
      "style": "\u4e8c\u6b21\u5143\u98ce\u683c",
      "progress": 0,
      "points": 0,
      "is_active": 1,
      "is_finished": 0,
      "customer": "\u817e\u8baf",
      "sender": 5,
      "receiver": 8,
      "receive_status": 1,
      "auditor": null,
      "audit_status": 0,
      "begin_time": "2019-04-19",
      "end_time": "2019-04-19",
      "duration": 20.0,
      "add_time": "2019-04-19T16:02:19",
      "update_time": "2019-04-29T16:02:19",
      "delete_time": "2019-04-19T16:02:19"
    }
  },
  {
    "model": "business.project",
    "pk": 8,
    "fields": {
      "company": 1,
      "name": "\u6b27\u7f8eRPG",
      "style": "\u6b27\u7f8e\u5199\u5b9e\u98ce\u683c",
      "progress": 0,
      "points": 0,
      "is_active": 1,
      "is_finished": 0,
      "customer": "\u7f51\u6613",
      "sender": 5,
      "receiver": 8,
      "receive_status": 1,
      "auditor": null,
      "audit_status": 0,
      "begin_time": "2019-04-19",
      "end_time": "2019-04-19",
      "duration": 10.0,
      "add_time": "2019-04-19T16:02:19",
      "update_time": "2019-04-29T16:02:19",
      "delete_time": "2019-04-19T16:02:19"
    }
  },
  {
    "model": "business.project",
    "pk": 9,
    "fields": {
      "company": 1,
      "name": "\u4e8c\u6b21\u5143RPG",
      "style": "\u4e8c\u6b21\u5143\u98ce\u683c",
      "progress": 0,
      "points": 0,
      "is_active": 1,
      "is_finished": 0,
      "customer": "\u817e\u8baf",
      "sender": 5,
      "receiver": 8,
      "receive_status": 1,
      "auditor": null,
      "audit_status": 0,
      "begin_time": "2019-04-19",
      "end_time": "2019-04-19",
      "duration": 20.0,
      "add_time": "2019-04-19T16:02:19",
      "update_time": "2019-04-29T16:02:19",
      "delete_time": "2019-04-19T16:02:19"
    }
  },
  {
    "model": "business.project",
    "pk": 10,
    "fields": {
      "company": 1,
      "name": "\u6b27\u7f8eRPG",
      "style": "\u6b27\u7f8e\u5199\u5b9e\u98ce\u683c",
      "progress": 0,
      "points": 0,
      "is_active": 1,
      "is_finished": 0,
      "customer": "\u7f51\u6613",
      "sender": 5,
      "receiver": 8,
      "receive_status": 1,
      "auditor": null,
      "audit_status": 0,
      "begin_time": "2019-04-19",
      "end_time": "2019-04-19",
      "duration": 10.0,
      "add_time": "2019-04-19T16:02:19",
      "update_time": "2019-04-29T16:02:19",
      "delete_time": "2019-04-19T16:02:19"
    }
  },
  {
    "model": "business.project",
    "pk": 11,
    "fields": {
      "company": 1,
      "name": "\u4e8c\u6b21\u5143RPG",
      "style": "\u4e8c\u6b21\u5143\u98ce\u683c",
      "progress": 0,
      "points": 0,
      "is_active": 1,
      "is_finished": 0,
      "customer": "\u817e\u8baf",
      "sender": 5,
      "receiver": 8,
      "receive_status": 1,
      "auditor": null,
      "audit_status": 0,
      "begin_time": "2019-04-19",
      "end_time": "2019-04-19",
      "duration": 20.0,
      "add_time": "2019-04-19T16:02:19",
      "update_time": "2019-04-29T16:02:19",
      "delete_time": "2019-04-19T16:02:19"
    }
  },
  {
    "model": "business.project",
    "pk": 12,
    "fields": {
      "company": 1,
      "name": "\u6b27\u7f8eRPG",
      "style": "\u6b27\u7f8e\u5199\u5b9e\u98ce\u683c",
      "progress": 0,
      "points": 0,
      "is_active": 1,
      "is_finished": 0,
      "customer": "\u7f51\u6613",
      "sender": 5,
      "receiver": 8,
      "receive_status": 1,
      "auditor": null,
      "audit_status": 0,
      "begin_time": "2019-04-19",
      "end_time": "2019-04-19",
      "duration": 10.0,
      "add_time": "2019-04-19T16:02:19",
      "update_time": "2019-04-29T16:02:19",
      "delete_time": "2019-04-19T16:02:19"
    }
  },
  {
    "model": "business.project",
    "pk": 13,
    "fields": {
      "company": 1,
      "name": "\u4e8c\u6b21\u5143RPG",
      "style": "\u4e8c\u6b21\u5143\u98ce\u683c",
      "progress": 0,
      "points": 0,
      "is_active": 1,
      "is_finished": 0,
      "customer": "\u817e\u8baf",
      "sender": 5,
      "receiver": 8,
      "receive_status": 1,
      "auditor": null,
      "audit_status": 0,
      "begin_time": "2019-04-19",
      "end_time": "2019-04-19",
      "duration": 20.0,
      "add_time": "2019-04-19T16:02:19",
      "update_time": "2019-04-29T16:02:19",
      "delete_time": "2019-04-19T16:02:19"
    }
  },
  {
    "model": "business.project",
    "pk": 14,
    "fields": {
      "company": 1,
      "name": "\u6b27\u7f8eRPG",
      "style": "\u6b27\u7f8e\u5199\u5b9e\u98ce\u683c",
      "progress": 0,
      "points": 0,
      "is_active": 1,
      "is_finished": 0,
      "customer": "\u7f51\u6613",
      "sender": 5,
      "receiver": 8,
      "receive_status": 1,
      "auditor": null,
      "audit_status": 0,
      "begin_time": "2019-04-19",
      "end_time": "2019-04-19",
      "duration": 10.0,
      "add_time": "2019-04-19T16:02:19",
      "update_time": "2019-04-29T16:02:19",
      "delete_time": "2019-04-19T16:02:19"
    }
  },
  {
    "model": "business.project",
    "pk": 15,
    "fields": {
      "company": 1,
      "name": "\u4e8c\u6b21\u5143RPG",
      "style": "\u4e8c\u6b21\u5143\u98ce\u683c",
      "progress": 0,
      "points": 0,
      "is_active": 1,
      "is_finished": 0,
      "customer": "\u817e\u8baf",
      "sender": 5,
      "receiver": 8,
      "receive_status": 1,
      "auditor": null,
      "audit_status": 0,
      "begin_time": "2019-04-19",
      "end_time": "2019-04-19",
      "duration": 20.0,
      "add_time": "2019-04-19T16:02:19",
      "update_time": "2019-04-29T16:02:19",
      "delete_time": "2019-04-19T16:02:19"
    }
  },
  {
    "model": "business.project",
    "pk": 16,
    "fields": {
      "company": 1,
      "name": "\u6b27\u7f8eRPG",
      "style": "\u6b27\u7f8e\u5199\u5b9e\u98ce\u683c",
      "progress": 0,
      "points": 0,
      "is_active": 1,
      "is_finished": 0,
      "customer": "\u7f51\u6613",
      "sender": 5,
      "receiver": 8,
      "receive_status": 1,
      "auditor": null,
      "audit_status": 0,
      "begin_time": "2019-04-19",
      "end_time": "2019-04-19",
      "duration": 10.0,
      "add_time": "2019-04-19T16:02:19",
      "update_time": "2019-04-29T16:02:19",
      "delete_time": "2019-04-19T16:02:19"
    }
  },
  {
    "model": "business.project",
    "pk": 17,
    "fields": {
      "company": 1,
      "name": "\u4e8c\u6b21\u5143RPG",
      "style": "\u4e8c\u6b21\u5143\u98ce\u683c",
      "progress": 0,
      "points": 0,
      "is_active": 1,
      "is_finished": 0,
      "customer": "\u817e\u8baf",
      "sender": 5,
      "receiver": 8,
      "receive_status": 1,
      "auditor": null,
      "audit_status": 0,
      "begin_time": "2019-04-19",
      "end_time": "2019-04-19",
      "duration": 20.0,
      "add_time": "2019-04-19T16:02:19",
      "update_time": "2019-04-29T16:02:19",
      "delete_time": "2019-04-19T16:02:19"
    }
  },
  {
    "model": "business.project",
    "pk": 18,
    "fields": {
      "company": 1,
      "name": "\u6b27\u7f8eRPG",
      "style": "\u6b27\u7f8e\u5199\u5b9e\u98ce\u683c",
      "progress": 0,
      "points": 0,
      "is_active": 1,
      "is_finished": 0,
      "customer": "\u7f51\u6613",
      "sender": 5,
      "receiver": 8,
      "receive_status": 1,
      "auditor": null,
      "audit_status": 0,
      "begin_time": "2019-04-19",
      "end_time": "2019-04-19",
      "duration": 10.0,
      "add_time": "2019-04-19T16:02:19",
      "update_time": "2019-04-29T16:02:19",
      "delete_time": "2019-04-19T16:02:19"
    }
  },
  {
    "model": "business.project",
    "pk": 19,
    "fields": {
      "company": 1,
      "name": "\u4e8c\u6b21\u5143RPG",
      "style": "\u4e8c\u6b21\u5143\u98ce\u683c",
      "progress": 0,
      "points": 0,
      "is_active": 1,
      "is_finished": 0,
      "customer": "\u817e\u8baf",
      "sender": 5,
      "receiver": 8,
      "receive_status": 1,
      "auditor": null,
      "audit_status": 0,
      "begin_time": "2019-04-19",
      "end_time": "2019-04-19",
      "duration": 20.0,
      "add_time": "2019-04-19T16:02:19",
      "update_time": "2019-04-29T16:02:19",
      "delete_time": "2019-04-19T16:02:19"
    }
  },
  {
    "model": "business.project",
    "pk": 20,
    "fields": {
      "company": 1,
      "name": "\u6b27\u7f8eRPG",
      "style": "\u6b27\u7f8e\u5199\u5b9e\u98ce\u683c",
      "progress": 0,
      "points": 0,
      "is_active": 1,
      "is_finished": 0,
      "customer": "\u7f51\u6613",
      "sender": 5,
      "receiver": 8,
      "receive_status": 1,
      "auditor": null,
      "audit_status": 0,
      "begin_time": "2019-04-19",
      "end_time": "2019-04-19",
      "duration": 10.0,
      "add_time": "2019-04-19T16:02:19",
      "update_time": "2019-04-29T16:02:19",
      "delete_time": "2019-04-19T16:02:19"
    }
  },
  {
    "model": "business.project",
    "pk": 21,
    "fields": {
      "company": 1,
      "name": "\u4e8c\u6b21\u5143RPG",
      "style": "\u4e8c\u6b21\u5143\u98ce\u683c",
      "progress": 0,
      "points": 0,
      "is_active": 1,
      "is_finished": 0,
      "customer": "\u817e\u8baf",
      "sender": 5,
      "receiver": 8,
      "receive_status": 1,
      "auditor": null,
      "audit_status": 0,
      "begin_time": "2019-04-19",
      "end_time": "2019-04-19",
      "duration": 20.0,
      "add_time": "2019-04-19T16:02:19",
      "update_time": "2019-04-29T16:02:19",
      "delete_time": "2019-04-19T16:02:19"
    }
  },
  {
    "model": "business.project",
    "pk": 22,
    "fields": {
      "company": 1,
      "name": "\u6b27\u7f8eRPG",
      "style": "\u6b27\u7f8e\u5199\u5b9e\u98ce\u683c",
      "progress": 0,
      "points": 0,
      "is_active": 1,
      "is_finished": 0,
      "customer": "\u7f51\u6613",
      "sender": 5,
      "receiver": 8,
      "receive_status": 1,
      "auditor": null,
      "audit_status": 0,
      "begin_time": "2019-04-19",
      "end_time": "2019-04-19",
      "duration": 10.0,
      "add_time": "2019-04-19T16:02:19",
      "update_time": "2019-04-29T16:02:19",
      "delete_time": "2019-04-19T16:02:19"
    }
  },
  {
    "model": "business.project",
    "pk": 23,
    "fields": {
      "company": 1,
      "name": "\u4e8c\u6b21\u5143RPG",
      "style": "\u4e8c\u6b21\u5143\u98ce\u683c",
      "progress": 0,
      "points": 0,
      "is_active": 1,
      "is_finished": 0,
      "customer": "\u817e\u8baf",
      "sender": 5,
      "receiver": 8,
      "receive_status": 1,
      "auditor": null,
      "audit_status": 0,
      "begin_time": "2019-04-19",
      "end_time": "2019-04-19",
      "duration": 20.0,
      "add_time": "2019-04-19T16:02:19",
      "update_time": "2019-04-29T16:02:19",
      "delete_time": "2019-04-19T16:02:19"
    }
  },
  {
    "model": "business.project",
    "pk": 24,
    "fields": {
      "company": 1,
      "name": "\u6b27\u7f8eRPG",
      "style": "\u6b27\u7f8e\u5199\u5b9e\u98ce\u683c",
      "progress": 0,
      "points": 0,
      "is_active": 1,
      "is_finished": 0,
      "customer": "\u7f51\u6613",
      "sender": 5,
      "receiver": 8,
      "receive_status": 1,
      "auditor": null,
      "audit_status": 0,
      "begin_time": "2019-04-19",
      "end_time": "2019-04-19",
      "duration": 10.0,
      "add_time": "2019-04-19T16:02:19",
      "update_time": "2019-04-29T16:02:19",
      "delete_time": "2019-04-19T16:02:19"
    }
  },
  {
    "model": "business.project",
    "pk": 25,
    "fields": {
      "company": 1,
      "name": "\u4e8c\u6b21\u5143RPG",
      "style": "\u4e8c\u6b21\u5143\u98ce\u683c",
      "progress": 0,
      "points": 0,
      "is_active": 1,
      "is_finished": 0,
      "customer": "\u817e\u8baf",
      "sender": 5,
      "receiver": 8,
      "receive_status": 1,
      "auditor": null,
      "audit_status": 0,
      "begin_time": "2019-04-19",
      "end_time": "2019-04-19",
      "duration": 20.0,
      "add_time": "2019-04-19T16:02:19",
      "update_time": "2019-04-29T16:02:19",
      "delete_time": "2019-04-19T16:02:19"
    }
  },
  {
    "model": "business.project",
    "pk": 26,
    "fields": {
      "company": 1,
      "name": "\u6b27\u7f8eRPG",
      "style": "\u6b27\u7f8e\u5199\u5b9e\u98ce\u683c",
      "progress": 0,
      "points": 0,
      "is_active": 1,
      "is_finished": 0,
      "customer": "\u7f51\u6613",
      "sender": 5,
      "receiver": 8,
      "receive_status": 1,
      "auditor": null,
      "audit_status": 0,
      "begin_time": "2019-04-19",
      "end_time": "2019-04-19",
      "duration": 10.0,
      "add_time": "2019-04-19T16:02:19",
      "update_time": "2019-04-29T16:02:19",
      "delete_time": "2019-04-19T16:02:19"
    }
  },
  {
    "model": "business.project",
    "pk": 27,
    "fields": {
      "company": 1,
      "name": "\u4e8c\u6b21\u5143RPG",
      "style": "\u4e8c\u6b21\u5143\u98ce\u683c",
      "progress": 0,
      "points": 0,
      "is_active": 1,
      "is_finished": 0,
      "customer": "\u817e\u8baf",
      "sender": 5,
      "receiver": 8,
      "receive_status": 1,
      "auditor": null,
      "audit_status": 0,
      "begin_time": "2019-04-19",
      "end_time": "2019-04-19",
      "duration": 20.0,
      "add_time": "2019-04-19T16:02:19",
      "update_time": "2019-04-29T16:02:19",
      "delete_time": "2019-04-19T16:02:19"
    }
  },
  {
    "model": "business.project",
    "pk": 28,
    "fields": {
      "company": 1,
      "name": "\u6b27\u7f8eRPG",
      "style": "\u6b27\u7f8e\u5199\u5b9e\u98ce\u683c",
      "progress": 0,
      "points": 0,
      "is_active": 1,
      "is_finished": 0,
      "customer": "\u7f51\u6613",
      "sender": 5,
      "receiver": 8,
      "receive_status": 1,
      "auditor": null,
      "audit_status": 0,
      "begin_time": "2019-04-19",
      "end_time": "2019-04-19",
      "duration": 10.0,
      "add_time": "2019-04-19T16:02:19",
      "update_time": "2019-04-29T16:02:19",
      "delete_time": "2019-04-19T16:02:19"
    }
  },
  {
    "model": "business.project",
    "pk": 29,
    "fields": {
      "company": 1,
      "name": "\u4e8c\u6b21\u5143RPG",
      "style": "\u4e8c\u6b21\u5143\u98ce\u683c",
      "progress": 0,
      "points": 0,
      "is_active": 1,
      "is_finished": 0,
      "customer": "\u817e\u8baf",
      "sender": 5,
      "receiver": 8,
      "receive_status": 1,
      "auditor": null,
      "audit_status": 0,
      "begin_time": "2019-04-19",
      "end_time": "2019-04-19",
      "duration": 20.0,
      "add_time": "2019-04-19T16:02:19",
      "update_time": "2019-04-29T16:02:19",
      "delete_time": "2019-04-19T16:02:19"
    }
  },
  {
    "model": "business.project",
    "pk": 30,
    "fields": {
      "company": 1,
      "name": "\u6b27\u7f8eRPG",
      "style": "\u6b27\u7f8e\u5199\u5b9e\u98ce\u683c",
      "progress": 0,
      "points": 0,
      "is_active": 1,
      "is_finished": 0,
      "customer": "\u7f51\u6613",
      "sender": 5,
      "receiver": 8,
      "receive_status": 1,
      "auditor": null,
      "audit_status": 0,
      "begin_time": "2019-04-19",
      "end_time": "2019-04-19",
      "duration": 10.0,
      "add_time": "2019-04-19T16:02:19",
      "update_time": "2019-04-29T16:02:19",
      "delete_time": "2019-04-19T16:02:19"
    }
  },
  {
    "model": "business.project",
    "pk": 31,
    "fields": {
      "company": 1,
      "name": "\u4e8c\u6b21\u5143RPG",
      "style": "\u4e8c\u6b21\u5143\u98ce\u683c",
      "progress": 0,
      "points": 0,
      "is_active": 1,
      "is_finished": 0,
      "customer": "\u817e\u8baf",
      "sender": 5,
      "receiver": 8,
      "receive_status": 1,
      "auditor": null,
      "audit_status": 0,
      "begin_time": "2019-04-19",
      "end_time": "2019-04-19",
      "duration": 20.0,
      "add_time": "2019-04-19T16:02:19",
      "update_time": "2019-04-29T16:02:19",
      "delete_time": "2019-04-19T16:02:19"
    }
  },
  {
    "model": "business.project",
    "pk": 32,
    "fields": {
      "company": 1,
      "name": "\u6b27\u7f8eRPG",
      "style": "\u6b27\u7f8e\u5199\u5b9e\u98ce\u683c",
      "progress": 0,
      "points": 0,
      "is_active": 1,
      "is_finished": 0,
      "customer": "\u7f51\u6613",
      "sender": 5,
      "receiver": 8,
      "receive_status": 1,
      "auditor": null,
      "audit_status": 0,
      "begin_time": "2019-04-19",
      "end_time": "2019-04-19",
      "duration": 10.0,
      "add_time": "2019-04-19T16:02:19",
      "update_time": "2019-04-29T16:02:19",
      "delete_time": "2019-04-19T16:02:19"
    }
  },
  {
    "model": "business.project",
    "pk": 33,
    "fields": {
      "company": 1,
      "name": "\u4e8c\u6b21\u5143RPG",
      "style": "\u4e8c\u6b21\u5143\u98ce\u683c",
      "progress": 0,
      "points": 0,
      "is_active": 1,
      "is_finished": 0,
      "customer": "\u817e\u8baf",
      "sender": 5,
      "receiver": 8,
      "receive_status": 1,
      "auditor": null,
      "audit_status": 0,
      "begin_time": "2019-04-19",
      "end_time": "2019-04-19",
      "duration": 20.0,
      "add_time": "2019-04-19T16:02:19",
      "update_time": "2019-04-29T16:02:19",
      "delete_time": "2019-04-19T16:02:19"
    }
  },
  {
    "model": "business.project",
    "pk": 34,
    "fields": {
      "company": 1,
      "name": "\u6b27\u7f8eRPG",
      "style": "\u6b27\u7f8e\u5199\u5b9e\u98ce\u683c",
      "progress": 0,
      "points": 0,
      "is_active": 1,
      "is_finished": 0,
      "customer": "\u7f51\u6613",
      "sender": 5,
      "receiver": 8,
      "receive_status": 1,
      "auditor": null,
      "audit_status": 0,
      "begin_time": "2019-04-19",
      "end_time": "2019-04-19",
      "duration": 10.0,
      "add_time": "2019-04-19T16:02:19",
      "update_time": "2019-04-29T16:02:19",
      "delete_time": "2019-04-19T16:02:19"
    }
  },
  {
    "model": "business.project",
    "pk": 35,
    "fields": {
      "company": 1,
      "name": "\u4e8c\u6b21\u5143RPG",
      "style": "\u4e8c\u6b21\u5143\u98ce\u683c",
      "progress": 0,
      "points": 0,
      "is_active": 1,
      "is_finished": 0,
      "customer": "\u817e\u8baf",
      "sender": 5,
      "receiver": 8,
      "receive_status": 1,
      "auditor": null,
      "audit_status": 0,
      "begin_time": "2019-04-19",
      "end_time": "2019-04-19",
      "duration": 20.0,
      "add_time": "2019-04-19T16:02:19",
      "update_time": "2019-04-29T16:02:19",
      "delete_time": "2019-04-19T16:02:19"
    }
  },
  {
    "model": "business.project",
    "pk": 36,
    "fields": {
      "company": 1,
      "name": "\u6b27\u7f8eRPG",
      "style": "\u6b27\u7f8e\u5199\u5b9e\u98ce\u683c",
      "progress": 0,
      "points": 0,
      "is_active": 1,
      "is_finished": 0,
      "customer": "\u7f51\u6613",
      "sender": 5,
      "receiver": 8,
      "receive_status": 1,
      "auditor": null,
      "audit_status": 0,
      "begin_time": "2019-04-19",
      "end_time": "2019-04-19",
      "duration": 10.0,
      "add_time": "2019-04-19T16:02:19",
      "update_time": "2019-04-29T16:02:19",
      "delete_time": "2019-04-19T16:02:19"
    }
  },
  {
    "model": "business.project",
    "pk": 37,
    "fields": {
      "company": 1,
      "name": "\u4e8c\u6b21\u5143RPG",
      "style": "\u4e8c\u6b21\u5143\u98ce\u683c",
      "progress": 0,
      "points": 0,
      "is_active": 1,
      "is_finished": 0,
      "customer": "\u817e\u8baf",
      "sender": 5,
      "receiver": 8,
      "receive_status": 1,
      "auditor": null,
      "audit_status": 0,
      "begin_time": "2019-04-19",
      "end_time": "2019-04-19",
      "duration": 20.0,
      "add_time": "2019-04-19T16:02:19",
      "update_time": "2019-04-29T16:02:19",
      "delete_time": "2019-04-19T16:02:19"
    }
  },
  {
    "model": "business.project",
    "pk": 38,
    "fields": {
      "company": 1,
      "name": "\u6b27\u7f8eRPG",
      "style": "\u6b27\u7f8e\u5199\u5b9e\u98ce\u683c",
      "progress": 0,
      "points": 0,
      "is_active": 1,
      "is_finished": 0,
      "customer": "\u7f51\u6613",
      "sender": 5,
      "receiver": 8,
      "receive_status": 1,
      "auditor": null,
      "audit_status": 0,
      "begin_time": "2019-04-19",
      "end_time": "2019-04-19",
      "duration": 10.0,
      "add_time": "2019-04-19T16:02:19",
      "update_time": "2019-04-29T16:02:19",
      "delete_time": "2019-04-19T16:02:19"
    }
  },
  {
    "model": "business.project",
    "pk": 39,
    "fields": {
      "company": 1,
      "name": "\u4e8c\u6b21\u5143RPG",
      "style": "\u4e8c\u6b21\u5143\u98ce\u683c",
      "progress": 0,
      "points": 0,
      "is_active": 1,
      "is_finished": 0,
      "customer": "\u817e\u8baf",
      "sender": 5,
      "receiver": 8,
      "receive_status": 1,
      "auditor": null,
      "audit_status": 0,
      "begin_time": "2019-04-19",
      "end_time": "2019-04-19",
      "duration": 20.0,
      "add_time": "2019-04-19T16:02:19",
      "update_time": "2019-04-29T16:02:19",
      "delete_time": "2019-04-19T16:02:19"
    }
  },
  {
    "model": "business.project",
    "pk": 40,
    "fields": {
      "company": 1,
      "name": "\u6b27\u7f8eRPG",
      "style": "\u6b27\u7f8e\u5199\u5b9e\u98ce\u683c",
      "progress": 0,
      "points": 0,
      "is_active": 1,
      "is_finished": 0,
      "customer": "\u7f51\u6613",
      "sender": 5,
      "receiver": 8,
      "receive_status": 1,
      "auditor": null,
      "audit_status": 0,
      "begin_time": "2019-04-19",
      "end_time": "2019-04-19",
      "duration": 10.0,
      "add_time": "2019-04-19T16:02:19",
      "update_time": "2019-04-29T16:02:19",
      "delete_time": "2019-04-19T16:02:19"
    }
  },
  {
    "model": "business.project",
    "pk": 41,
    "fields": {
      "company": 1,
      "name": "\u4e8c\u6b21\u5143RPG",
      "style": "\u4e8c\u6b21\u5143\u98ce\u683c",
      "progress": 0,
      "points": 0,
      "is_active": 1,
      "is_finished": 0,
      "customer": "\u817e\u8baf",
      "sender": 5,
      "receiver": 8,
      "receive_status": 1,
      "auditor": null,
      "audit_status": 0,
      "begin_time": "2019-04-19",
      "end_time": "2019-04-19",
      "duration": 20.0,
      "add_time": "2019-04-19T16:02:19",
      "update_time": "2019-04-29T16:02:19",
      "delete_time": "2019-04-19T16:02:19"
    }
  },
  {
    "model": "business.project",
    "pk": 42,
    "fields": {
      "company": 1,
      "name": "\u6b27\u7f8eRPG",
      "style": "\u6b27\u7f8e\u5199\u5b9e\u98ce\u683c",
      "progress": 0,
      "points": 0,
      "is_active": 1,
      "is_finished": 0,
      "customer": "\u7f51\u6613",
      "sender": 5,
      "receiver": 8,
      "receive_status": 1,
      "auditor": null,
      "audit_status": 0,
      "begin_time": "2019-04-19",
      "end_time": "2019-04-19",
      "duration": 10.0,
      "add_time": "2019-04-19T16:02:19",
      "update_time": "2019-04-29T16:02:19",
      "delete_time": "2019-04-19T16:02:19"
    }
  },
  {
    "model": "business.project",
    "pk": 43,
    "fields": {
      "company": 1,
      "name": "\u4e8c\u6b21\u5143RPG",
      "style": "\u4e8c\u6b21\u5143\u98ce\u683c",
      "progress": 0,
      "points": 0,
      "is_active": 1,
      "is_finished": 0,
      "customer": "\u817e\u8baf",
      "sender": 5,
      "receiver": 8,
      "receive_status": 1,
      "auditor": null,
      "audit_status": 0,
      "begin_time": "2019-04-19",
      "end_time": "2019-04-19",
      "duration": 20.0,
      "add_time": "2019-04-19T16:02:19",
      "update_time": "2019-04-29T16:02:19",
      "delete_time": "2019-04-19T16:02:19"
    }
  },
  {
    "model": "business.project",
    "pk": 44,
    "fields": {
      "company": 1,
      "name": "\u6b27\u7f8eRPG",
      "style": "\u6b27\u7f8e\u5199\u5b9e\u98ce\u683c",
      "progress": 0,
      "points": 0,
      "is_active": 1,
      "is_finished": 0,
      "customer": "\u7f51\u6613",
      "sender": 5,
      "receiver": 8,
      "receive_status": 1,
      "auditor": null,
      "audit_status": 0,
      "begin_time": "2019-04-19",
      "end_time": "2019-04-19",
      "duration": 10.0,
      "add_time": "2019-04-19T16:02:19",
      "update_time": "2019-04-29T16:02:19",
      "delete_time": "2019-04-19T16:02:19"
    }
  },
  {
    "model": "business.project",
    "pk": 45,
    "fields": {
      "company": 1,
      "name": "\u4e8c\u6b21\u5143RPG",
      "style": "\u4e8c\u6b21\u5143\u98ce\u683c",
      "progress": 0,
      "points": 0,
      "is_active": 1,
      "is_finished": 0,
      "customer": "\u817e\u8baf",
      "sender": 5,
      "receiver": 8,
      "receive_status": 1,
      "auditor": null,
      "audit_status": 0,
      "begin_time": "2019-04-19",
      "end_time": "2019-04-19",
      "duration": 20.0,
      "add_time": "2019-04-19T16:02:19",
      "update_time": "2019-04-29T16:02:19",
      "delete_time": "2019-04-19T16:02:19"
    }
  },
  {
    "model": "business.project",
    "pk": 46,
    "fields": {
      "company": 1,
      "name": "\u6b27\u7f8eRPG",
      "style": "\u6b27\u7f8e\u5199\u5b9e\u98ce\u683c",
      "progress": 0,
      "points": 0,
      "is_active": 1,
      "is_finished": 0,
      "customer": "\u7f51\u6613",
      "sender": 5,
      "receiver": 8,
      "receive_status": 1,
      "auditor": null,
      "audit_status": 0,
      "begin_time": "2019-04-19",
      "end_time": "2019-04-19",
      "duration": 10.0,
      "add_time": "2019-04-19T16:02:19",
      "update_time": "2019-04-29T16:02:19",
      "delete_time": "2019-04-19T16:02:19"
    }
  },
  {
    "model": "business.project",
    "pk": 47,
    "fields": {
      "company": 1,
      "name": "\u4e8c\u6b21\u5143RPG",
      "style": "\u4e8c\u6b21\u5143\u98ce\u683c",
      "progress": 0,
      "points": 0,
      "is_active": 1,
      "is_finished": 0,
      "customer": "\u817e\u8baf",
      "sender": 5,
      "receiver": 8,
      "receive_status": 1,
      "auditor": null,
      "audit_status": 0,
      "begin_time": "2019-04-19",
      "end_time": "2019-04-19",
      "duration": 20.0,
      "add_time": "2019-04-19T16:02:19",
      "update_time": "2019-04-29T16:02:19",
      "delete_time": "2019-04-19T16:02:19"
    }
  },
  {
    "model": "business.project",
    "pk": 48,
    "fields": {
      "company": 1,
      "name": "\u6b27\u7f8eRPG",
      "style": "\u6b27\u7f8e\u5199\u5b9e\u98ce\u683c",
      "progress": 0,
      "points": 0,
      "is_active": 1,
      "is_finished": 0,
      "customer": "\u7f51\u6613",
      "sender": 5,
      "receiver": 8,
      "receive_status": 1,
      "auditor": null,
      "audit_status": 0,
      "begin_time": "2019-04-19",
      "end_time": "2019-04-19",
      "duration": 10.0,
      "add_time": "2019-04-19T16:02:19",
      "update_time": "2019-04-29T16:02:19",
      "delete_time": "2019-04-19T16:02:19"
    }
  },
  {
    "model": "business.project",
    "pk": 49,
    "fields": {
      "company": 1,
      "name": "\u4e8c\u6b21\u5143RPG",
      "style": "\u4e8c\u6b21\u5143\u98ce\u683c",
      "progress": 0,
      "points": 0,
      "is_active": 1,
      "is_finished": 0,
      "customer": "\u817e\u8baf",
      "sender": 5,
      "receiver": 8,
      "receive_status": 1,
      "auditor": null,
      "audit_status": 0,
      "begin_time": "2019-04-19",
      "end_time": "2019-04-19",
      "duration": 20.0,
      "add_time": "2019-04-19T16:02:19",
      "update_time": "2019-04-29T16:02:19",
      "delete_time": "2019-04-19T16:02:19"
    }
  },
  {
    "model": "business.project",
    "pk": 50,
    "fields": {
      "company": 1,
      "name": "\u6b27\u7f8eRPG",
      "style": "\u6b27\u7f8e\u5199\u5b9e\u98ce\u683c",
      "progress": 0,
      "points": 0,
      "is_active": 1,
      "is_finished": 0,
      "customer": "\u7f51\u6613",
      "sender": 5,
      "receiver": 8,
      "receive_status": 1,
      "auditor": null,
      "audit_status": 0,
      "begin_time": "2019-04-19",
      "end_time": "2019-04-19",
      "duration": 10.0,
      "add_time": "2019-04-19T16:02:19",
      "update_time": "2019-04-29T16:02:19",
      "delete_time": "2019-04-19T16:02:19"
    }
  },
  {
    "model": "business.project",
    "pk": 51,
    "fields": {
      "company": 1,
      "name": "\u4e8c\u6b21\u5143RPG",
      "style": "\u4e8c\u6b21\u5143\u98ce\u683c",
      "progress": 0,
      "points": 0,
      "is_active": 1,
      "is_finished": 0,
      "customer": "\u817e\u8baf",
      "sender": 5,
      "receiver": 8,
      "receive_status": 1,
      "auditor": null,
      "audit_status": 0,
      "begin_time": "2019-04-19",
      "end_time": "2019-04-19",
      "duration": 20.0,
      "add_time": "2019-04-19T16:02:19",
      "update_time": "2019-04-29T16:02:19",
      "delete_time": "2019-04-19T16:02:19"
    }
  },
  {
    "model": "business.project",
    "pk": 52,
    "fields": {
      "company": 1,
      "name": "\u6b27\u7f8eRPG",
      "style": "\u6b27\u7f8e\u5199\u5b9e\u98ce\u683c",
      "progress": 0,
      "points": 0,
      "is_active": 1,
      "is_finished": 0,
      "customer": "\u7f51\u6613",
      "sender": 5,
      "receiver": 8,
      "receive_status": 1,
      "auditor": null,
      "audit_status": 0,
      "begin_time": "2019-04-19",
      "end_time": "2019-04-19",
      "duration": 10.0,
      "add_time": "2019-04-19T16:02:19",
      "update_time": "2019-04-29T16:02:19",
      "delete_time": "2019-04-19T16:02:19"
    }
  },
  {
    "model": "business.project",
    "pk": 53,
    "fields": {
      "company": 1,
      "name": "\u4e8c\u6b21\u5143RPG",
      "style": "\u4e8c\u6b21\u5143\u98ce\u683c",
      "progress": 0,
      "points": 0,
      "is_active": 1,
      "is_finished": 0,
      "customer": "\u817e\u8baf",
      "sender": 5,
      "receiver": 8,
      "receive_status": 1,
      "auditor": null,
      "audit_status": 0,
      "begin_time": "2019-04-19",
      "end_time": "2019-04-19",
      "duration": 20.0,
      "add_time": "2019-04-19T16:02:19",
      "update_time": "2019-04-29T16:02:19",
      "delete_time": "2019-04-19T16:02:19"
    }
  },
  {
    "model": "business.project",
    "pk": 54,
    "fields": {
      "company": 1,
      "name": "\u6b27\u7f8eRPG",
      "style": "\u6b27\u7f8e\u5199\u5b9e\u98ce\u683c",
      "progress": 0,
      "points": 0,
      "is_active": 1,
      "is_finished": 0,
      "customer": "\u7f51\u6613",
      "sender": 5,
      "receiver": 8,
      "receive_status": 1,
      "auditor": null,
      "audit_status": 0,
      "begin_time": "2019-04-19",
      "end_time": "2019-04-19",
      "duration": 10.0,
      "add_time": "2019-04-19T16:02:19",
      "update_time": "2019-04-29T16:02:19",
      "delete_time": "2019-04-19T16:02:19"
    }
  },
  {
    "model": "business.project",
    "pk": 55,
    "fields": {
      "company": 1,
      "name": "\u4e8c\u6b21\u5143RPG",
      "style": "\u4e8c\u6b21\u5143\u98ce\u683c",
      "progress": 0,
      "points": 0,
      "is_active": 1,
      "is_finished": 0,
      "customer": "\u817e\u8baf",
      "sender": 5,
      "receiver": 8,
      "receive_status": 1,
      "auditor": null,
      "audit_status": 0,
      "begin_time": "2019-04-19",
      "end_time": "2019-04-19",
      "duration": 20.0,
      "add_time": "2019-04-19T16:02:19",
      "update_time": "2019-04-29T16:02:19",
      "delete_time": "2019-04-19T16:02:19"
    }
  },
  {
    "model": "business.project",
    "pk": 56,
    "fields": {
      "company": 1,
      "name": "\u6b27\u7f8eRPG",
      "style": "\u6b27\u7f8e\u5199\u5b9e\u98ce\u683c",
      "progress": 0,
      "points": 0,
      "is_active": 1,
      "is_finished": 0,
      "customer": "\u7f51\u6613",
      "sender": 5,
      "receiver": 8,
      "receive_status": 1,
      "auditor": null,
      "audit_status": 0,
      "begin_time": "2019-04-19",
      "end_time": "2019-04-19",
      "duration": 10.0,
      "add_time": "2019-04-19T16:02:19",
      "update_time": "2019-04-29T16:02:19",
      "delete_time": "2019-04-19T16:02:19"
    }
  },
  {
    "model": "business.project",
    "pk": 57,
    "fields": {
      "company": 1,
      "name": "\u4e8c\u6b21\u5143RPG",
      "style": "\u4e8c\u6b21\u5143\u98ce\u683c",
      "progress": 0,
      "points": 0,
      "is_active": 1,
      "is_finished": 0,
      "customer": "\u817e\u8baf",
      "sender": 5,
      "receiver": 8,
      "receive_status": 1,
      "auditor": null,
      "audit_status": 0,
      "begin_time": "2019-04-19",
      "end_time": "2019-04-19",
      "duration": 20.0,
      "add_time": "2019-04-19T16:02:19",
      "update_time": "2019-04-29T16:02:19",
      "delete_time": "2019-04-19T16:02:19"
    }
  },
  {
    "model": "business.project",
    "pk": 58,
    "fields": {
      "company": 1,
      "name": "\u6b27\u7f8eRPG",
      "style": "\u6b27\u7f8e\u5199\u5b9e\u98ce\u683c",
      "progress": 0,
      "points": 0,
      "is_active": 1,
      "is_finished": 0,
      "customer": "\u7f51\u6613",
      "sender": 5,
      "receiver": 8,
      "receive_status": 1,
      "auditor": null,
      "audit_status": 0,
      "begin_time": "2019-04-19",
      "end_time": "2019-04-19",
      "duration": 10.0,
      "add_time": "2019-04-19T16:02:19",
      "update_time": "2019-04-29T16:02:19",
      "delete_time": "2019-04-19T16:02:19"
    }
  },
  {
    "model": "business.project",
    "pk": 59,
    "fields": {
      "company": 1,
      "name": "\u4e8c\u6b21\u5143RPG",
      "style": "\u4e8c\u6b21\u5143\u98ce\u683c",
      "progress": 0,
      "points": 0,
      "is_active": 1,
      "is_finished": 0,
      "customer": "\u817e\u8baf",
      "sender": 5,
      "receiver": 8,
      "receive_status": 1,
      "auditor": null,
      "audit_status": 0,
      "begin_time": "2019-04-19",
      "end_time": "2019-04-19",
      "duration": 20.0,
      "add_time": "2019-04-19T16:02:19",
      "update_time": "2019-04-29T16:02:19",
      "delete_time": "2019-04-19T16:02:19"
    }
  },
  {
    "model": "business.project",
    "pk": 60,
    "fields": {
      "company": 1,
      "name": "\u6b27\u7f8eRPG",
      "style": "\u6b27\u7f8e\u5199\u5b9e\u98ce\u683c",
      "progress": 0,
      "points": 0,
      "is_active": 1,
      "is_finished": 0,
      "customer": "\u7f51\u6613",
      "sender": 5,
      "receiver": 8,
      "receive_status": 1,
      "auditor": null,
      "audit_status": 0,
      "begin_time": "2019-04-19",
      "end_time": "2019-04-19",
      "duration": 10.0,
      "add_time": "2019-04-19T16:02:19",
      "update_time": "2019-04-29T16:02:19",
      "delete_time": "2019-04-19T16:02:19"
    }
  },
  {
    "model": "business.project",
    "pk": 61,
    "fields": {
      "company": 1,
      "name": "\u4e8c\u6b21\u5143RPG",
      "style": "\u4e8c\u6b21\u5143\u98ce\u683c",
      "progress": 0,
      "points": 0,
      "is_active": 1,
      "is_finished": 0,
      "customer": "\u817e\u8baf",
      "sender": 5,
      "receiver": 8,
      "receive_status": 1,
      "auditor": null,
      "audit_status": 0,
      "begin_time": "2019-04-19",
      "end_time": "2019-04-19",
      "duration": 20.0,
      "add_time": "2019-04-19T16:02:19",
      "update_time": "2019-04-29T16:02:19",
      "delete_time": "2019-04-19T16:02:19"
    }
  },
  {
    "model": "business.project",
    "pk": 62,
    "fields": {
      "company": 1,
      "name": "\u6b27\u7f8eRPG",
      "style": "\u6b27\u7f8e\u5199\u5b9e\u98ce\u683c",
      "progress": 0,
      "points": 0,
      "is_active": 1,
      "is_finished": 0,
      "customer": "\u7f51\u6613",
      "sender": 5,
      "receiver": 8,
      "receive_status": 1,
      "auditor": null,
      "audit_status": 0,
      "begin_time": "2019-04-19",
      "end_time": "2019-04-19",
      "duration": 10.0,
      "add_time": "2019-04-19T16:02:19",
      "update_time": "2019-04-29T16:02:19",
      "delete_time": "2019-04-19T16:02:19"
    }
  },
  {
    "model": "business.project",
    "pk": 63,
    "fields": {
      "company": 1,
      "name": "\u4e8c\u6b21\u5143RPG",
      "style": "\u4e8c\u6b21\u5143\u98ce\u683c",
      "progress": 0,
      "points": 0,
      "is_active": 1,
      "is_finished": 0,
      "customer": "\u817e\u8baf",
      "sender": 5,
      "receiver": 8,
      "receive_status": 1,
      "auditor": null,
      "audit_status": 0,
      "begin_time": "2019-04-19",
      "end_time": "2019-04-19",
      "duration": 20.0,
      "add_time": "2019-04-19T16:02:19",
      "update_time": "2019-04-29T16:02:19",
      "delete_time": "2019-04-19T16:02:19"
    }
  },
  {
    "model": "business.project",
    "pk": 64,
    "fields": {
      "company": 1,
      "name": "\u6b27\u7f8eRPG",
      "style": "\u6b27\u7f8e\u5199\u5b9e\u98ce\u683c",
      "progress": 0,
      "points": 0,
      "is_active": 1,
      "is_finished": 0,
      "customer": "\u7f51\u6613",
      "sender": 5,
      "receiver": 8,
      "receive_status": 1,
      "auditor": null,
      "audit_status": 0,
      "begin_time": "2019-04-19",
      "end_time": "2019-04-19",
      "duration": 10.0,
      "add_time": "2019-04-19T16:02:19",
      "update_time": "2019-04-29T16:02:19",
      "delete_time": "2019-04-19T16:02:19"
    }
  },
  {
    "model": "business.project",
    "pk": 65,
    "fields": {
      "company": 1,
      "name": "\u4e8c\u6b21\u5143RPG",
      "style": "\u4e8c\u6b21\u5143\u98ce\u683c",
      "progress": 0,
      "points": 0,
      "is_active": 1,
      "is_finished": 0,
      "customer": "\u817e\u8baf",
      "sender": 5,
      "receiver": 8,
      "receive_status": 1,
      "auditor": null,
      "audit_status": 0,
      "begin_time": "2019-04-19",
      "end_time": "2019-04-19",
      "duration": 20.0,
      "add_time": "2019-04-19T16:02:19",
      "update_time": "2019-04-29T16:02:19",
      "delete_time": "2019-04-19T16:02:19"
    }
  },
  {
    "model": "business.project",
    "pk": 66,
    "fields": {
      "company": 1,
      "name": "\u6b27\u7f8eRPG",
      "style": "\u6b27\u7f8e\u5199\u5b9e\u98ce\u683c",
      "progress": 0,
      "points": 0,
      "is_active": 1,
      "is_finished": 0,
      "customer": "\u7f51\u6613",
      "sender": 5,
      "receiver": 8,
      "receive_status": 1,
      "auditor": null,
      "audit_status": 0,
      "begin_time": "2019-04-19",
      "end_time": "2019-04-19",
      "duration": 10.0,
      "add_time": "2019-04-19T16:02:19",
      "update_time": "2019-04-29T16:02:19",
      "delete_time": "2019-04-19T16:02:19"
    }
  },
  {
    "model": "business.project",
    "pk": 67,
    "fields": {
      "company": 1,
      "name": "\u4e8c\u6b21\u5143RPG",
      "style": "\u4e8c\u6b21\u5143\u98ce\u683c",
      "progress": 0,
      "points": 0,
      "is_active": 1,
      "is_finished": 0,
      "customer": "\u817e\u8baf",
      "sender": 5,
      "receiver": 8,
      "receive_status": 1,
      "auditor": null,
      "audit_status": 0,
      "begin_time": "2019-04-19",
      "end_time": "2019-04-19",
      "duration": 20.0,
      "add_time": "2019-04-19T16:02:19",
      "update_time": "2019-04-29T16:02:19",
      "delete_time": "2019-04-19T16:02:19"
    }
  },
  {
    "model": "business.task",
    "pk": 4,
    "fields": {
      "company": 1,
      "name": "\u89d2\u8272\u539f\u753b\u9700\u6c421",
      "task_type": 1,
      "content": "\u753b\u5df2\u6709\u4eba\u8bbeoc\u5934\u50cf\uff5e\u559c\u6b22\u840c\u7cfb\uff0c\u53efQ\u53ef\u6b63\u6bd4",
      "progress": 0,
      "task_priority": 1,
      "task_quality": 3,
      "begin_time": "2019-04-19",
      "end_time": "2019-04-19",
      "duration": 10.0,
      "assessment": null,
      "comments": null,
      "points": 0,
      "memo": "",
      "project": 2,
      "sender": null,
      "send_status": 0,
      "receiver": 7,
      "receive_status": 0,
      "auditor": null,
      "audit_status": 0,
      "is_active": 1,
      "is_finished": 0,
      "add_time": "2019-04-19T00:00:00",
      "update_time": "2019-04-19T00:00:00",
      "delete_time": "2019-04-19T00:00:00"
    }
  },
  {
    "model": "business.task",
    "pk": 5,
    "fields": {
      "company": 1,
      "name": "\u89d2\u8272\u539f\u753b\u9700\u6c422",
      "task_type": 1,
      "content": "oc\u90fd\u662f\u5973\u5b69\u5b50 \u60f3\u8981\u8272\u5f69\u9c9c\u660e\u7684\u5934\u50cf/\u534a\u8eab\u63d2 \u5982\u679c\u4f1a\u6362\u88c5\u5c31\u66f4\u597d\u4e86",
      "progress": 0,
      "task_priority": 1,
      "task_quality": 3,
      "begin_time": "2019-04-19",
      "end_time": "2019-04-19",
      "duration": 9.0,
      "assessment": null,
      "comments": null,
      "points": 0,
      "memo": "",
      "project": 2,
      "sender": null,
      "send_status": 0,
      "receiver": 7,
      "receive_status": 0,
      "auditor": null,
      "audit_status": 0,
      "is_active": 1,
      "is_finished": 0,
      "add_time": "2019-04-19T00:00:00",
      "update_time": "2019-04-19T00:00:00",
      "delete_time": "2019-04-19T00:00:00"
    }
  },
  {
    "model": "business.step",
    "pk": 2,
    "fields": {
      "company": 1,
      "task": 4,
      "name": "\u8349\u56fe",
      "index": 1,
      "progress": 10,
      "task_design_type": 1,
      "is_active": 1,
      "is_finished": 0,
      "sender": null,
      "send_status": 0,
      "receiver": null,
      "receive_status": 0,
      "auditor": null,
      "audit_status": 0,
      "begin_time": "2019-04-19T00:00:00",
      "end_time": "2019-04-19T00:00:00",
      "duration": 10.0,
      "add_time": "2019-04-19T00:00:00",
      "update_time": "2019-04-19T00:00:00",
      "delete_time": "2019-04-19T00:00:00"
    }
  },
  {
    "model": "business.step",
    "pk": 3,
    "fields": {
      "company": 1,
      "task": 4,
      "name": "\u7ebf\u7a3f",
      "index": 2,
      "progress": 10,
      "task_design_type": 1,
      "is_active": 1,
      "is_finished": 0,
      "sender": null,
      "send_status": 0,
      "receiver": null,
      "receive_status": 0,
      "auditor": null,
      "audit_status": 0,
      "begin_time": "2019-04-19T00:00:00",
      "end_time": "2019-04-19T00:00:00",
      "duration": 10.0,
      "add_time": "2019-04-19T00:00:00",
      "update_time": "2019-04-19T00:00:00",
      "delete_time": "2019-04-19T00:00:00"
    }
  },
  {
    "model": "business.step",
    "pk": 4,
    "fields": {
      "company": 1,
      "task": 4,
      "name": "\u8272\u7a3f",
      "index": 3,
      "progress": 10,
      "task_design_type": 1,
      "is_active": 1,
      "is_finished": 0,
      "sender": null,
      "send_status": 0,
      "receiver": null,
      "receive_status": 0,
      "auditor": null,
      "audit_status": 0,
      "begin_time": "2019-04-19T00:00:00",
      "end_time": "2019-04-19T00:00:00",
      "duration": 10.0,
      "add_time": "2019-04-19T00:00:00",
      "update_time": "2019-04-19T00:00:00",
      "delete_time": "2019-04-19T00:00:00"
    }
  },
  {
    "model": "business.step",
    "pk": 5,
    "fields": {
      "company": 1,
      "task": 4,
      "name": "\u4fee\u6539",
      "index": 4,
      "progress": 10,
      "task_design_type": 1,
      "is_active": 1,
      "is_finished": 0,
      "sender": null,
      "send_status": 0,
      "receiver": null,
      "receive_status": 0,
      "auditor": null,
      "audit_status": 0,
      "begin_time": "2019-04-19T00:00:00",
      "end_time": "2019-04-19T00:00:00",
      "duration": 10.0,
      "add_time": "2019-04-19T00:00:00",
      "update_time": "2019-04-19T00:00:00",
      "delete_time": "2019-04-19T00:00:00"
    }
  },
  {
    "model": "business.step",
    "pk": 6,
    "fields": {
      "company": 1,
      "task": 4,
      "name": "\u8349\u56fe",
      "index": 1,
      "progress": 10,
      "task_design_type": 2,
      "is_active": 1,
      "is_finished": 0,
      "sender": null,
      "send_status": 0,
      "receiver": null,
      "receive_status": 0,
      "auditor": null,
      "audit_status": 0,
      "begin_time": "2019-04-19T00:00:00",
      "end_time": "2019-04-19T00:00:00",
      "duration": 10.0,
      "add_time": "2019-04-19T00:00:00",
      "update_time": "2019-04-19T00:00:00",
      "delete_time": "2019-04-19T00:00:00"
    }
  },
  {
    "model": "business.step",
    "pk": 7,
    "fields": {
      "company": 1,
      "task": 4,
      "name": "\u9ed1\u767d\u7a3f",
      "index": 2,
      "progress": 10,
      "task_design_type": 2,
      "is_active": 1,
      "is_finished": 0,
      "sender": null,
      "send_status": 0,
      "receiver": null,
      "receive_status": 0,
      "auditor": null,
      "audit_status": 0,
      "begin_time": "2019-04-19T00:00:00",
      "end_time": "2019-04-19T00:00:00",
      "duration": 10.0,
      "add_time": "2019-04-19T00:00:00",
      "update_time": "2019-04-19T00:00:00",
      "delete_time": "2019-04-19T00:00:00"
    }
  },
  {
    "model": "business.step",
    "pk": 8,
    "fields": {
      "company": 1,
      "task": 4,
      "name": "\u8272\u7a3f",
      "index": 3,
      "progress": 10,
      "task_design_type": 2,
      "is_active": 1,
      "is_finished": 0,
      "sender": null,
      "send_status": 0,
      "receiver": null,
      "receive_status": 0,
      "auditor": null,
      "audit_status": 0,
      "begin_time": "2019-04-19T00:00:00",
      "end_time": "2019-04-19T00:00:00",
      "duration": 10.0,
      "add_time": "2019-04-19T00:00:00",
      "update_time": "2019-04-19T00:00:00",
      "delete_time": "2019-04-19T00:00:00"
    }
  },
  {
    "model": "business.step",
    "pk": 9,
    "fields": {
      "company": 1,
      "task": 4,
      "name": "\u4fee\u6539",
      "index": 4,
      "progress": 10,
      "task_design_type": 2,
      "is_active": 1,
      "is_finished": 0,
      "sender": null,
      "send_status": 0,
      "receiver": null,
      "receive_status": 0,
      "auditor": null,
      "audit_status": 0,
      "begin_time": "2019-04-19T00:00:00",
      "end_time": "2019-04-19T00:00:00",
      "duration": 10.0,
      "add_time": "2019-04-19T00:00:00",
      "update_time": "2019-04-19T00:00:00",
      "delete_time": "2019-04-19T00:00:00"
    }
  },
  {
    "model": "business.message",
    "pk": 1,
    "fields": {
      "type": "3",
      "title": "\u9879\u76ee\u5ba1\u6838",
      "content": "\u4f60\u6709\u65b0\u7684\u9879\u76ee\u7b49\u5f85\u5ba1\u6838",
      "sender": 1,
      "receiver": 1,
      "status": 1,
      "menu": 1,
      "add_time": "2019-04-10T00:00:00"
    }
  }
]